# time expDrag(X Y Z) totDrag(X Y Z)
0.1001 0 0 0 0 0 0
0.1002 0 0 0 0 0 0
0.1003 0 0 0 0 0 0
0.1004 0 0 0 0 0 0
0.1005 0 0 0 0 0 0
0.1006 1.78773255600625e-20 -5.47382042170604e-22 0.000515100431923178 -1.62345370009485e-05 -1.79426528799248e-05 0.000549397104964474
0.1007 1.78773255600625e-20 -5.47382042170604e-22 0.000515100431923178 -1.33015541578482e-05 -1.19080815871755e-05 0.000536476514659648
0.1008 1.78773255600625e-20 -5.47382042170604e-22 0.000515100431923178 -1.03331667961642e-05 -6.73553455436064e-06 0.000525597570751385
0.1009 1.78773255600625e-20 -5.47382042170604e-22 0.000515100431923178 -6.38339548745753e-06 -2.466767340496e-06 0.000517631572109885
0.101 1.78773255600625e-20 -5.47382042170604e-22 0.000515100431923178 -2.97739315124516e-06 1.12846225362574e-06 0.000511746679420705
0.1011 -8.20995954485231e-05 7.7131598719861e-05 0.0121964000701564 -0.000131935755459751 0.00013668296907245 0.0195241322127147
0.1012 -8.20995954485231e-05 7.7131598719861e-05 0.0121964000701564 -0.000124474808415473 0.000137319778130045 0.0192102956639876
0.1013 -8.20995954485231e-05 7.7131598719861e-05 0.0121964000701564 -0.000116770161614327 0.000137167576676631 0.0189293602525342
0.1014 -8.20995954485231e-05 7.7131598719861e-05 0.0121964000701564 -0.000109021410719148 0.000138082540486874 0.0186825626760883
0.1015 -8.20995954485231e-05 7.7131598719861e-05 0.0121964000701564 -0.000102208446357591 0.000139880056068496 0.0184684383109328
0.1016 -5.1874176359277e-05 5.66710413144695e-05 0.0112748165799612 -6.7009575623059e-05 8.96805791512401e-05 0.0175751424550974
0.1017 -5.1874176359277e-05 5.66710413144695e-05 0.0112748165799612 -6.34246046327871e-05 9.37874567625186e-05 0.0174363536971281
0.1018 -5.1874176359277e-05 5.66710413144695e-05 0.0112748165799612 -5.97869224513653e-05 9.77465351121718e-05 0.0173243624329269
0.1019 -5.1874176359277e-05 5.66710413144695e-05 0.0112748165799612 -5.67006053003013e-05 0.000102457250546248 0.0172363362979678
0.102 -5.1874176359277e-05 5.66710413144695e-05 0.0112748165799612 -5.39003773198275e-05 0.000107142043460318 0.0171694244957467
0.1021 -2.62693630237874e-05 4.7827864985568e-05 0.0110805869547459 -4.92491168638723e-05 9.14457674726296e-05 0.0181432502818566
0.1022 -2.62693630237874e-05 4.7827864985568e-05 0.0110805869547459 -4.69451662527323e-05 9.57225609304454e-05 0.018095607076907
0.1023 -2.62693630237874e-05 4.7827864985568e-05 0.0110805869547459 -4.51128006754043e-05 9.9553374848282e-05 0.0180630496553567
0.1024 -2.62693630237874e-05 4.7827864985568e-05 0.0110805869547459 -4.39937219091281e-05 0.000102602303820752 0.0180431594590657
0.1025 -2.62693630237874e-05 4.7827864985568e-05 0.0110805869547459 -4.35965195219883e-05 0.000104667781068973 0.0180342509694541
0.1026 1.13099101477212e-05 5.1285354076892e-05 0.0102317052964836 1.61613812737331e-06 9.52778307007404e-05 0.0171754386980471
0.1027 1.13099101477212e-05 5.1285354076892e-05 0.0102317052964836 1.34605209784539e-06 9.69703354461344e-05 0.017200623213215
0.1028 1.13099101477212e-05 5.1285354076892e-05 0.0102317052964836 6.36121579924689e-07 9.85632412145502e-05 0.0172340413446211
0.1029 1.13099101477212e-05 5.1285354076892e-05 0.0102317052964836 7.21199970737623e-08 9.97462133582093e-05 0.0172724435460186
0.103 1.13099101477212e-05 5.1285354076892e-05 0.0102317052964836 -9.38943363917128e-08 0.000100063643935303 0.017314605680055
0.1031 5.77008862374045e-05 4.2547325408361e-05 0.0101808266630511 7.58287688374885e-05 6.38923359466094e-05 0.0174105277319296
0.1032 5.77008862374045e-05 4.2547325408361e-05 0.0101808266630511 7.45914498649051e-05 6.41266748706811e-05 0.0174578328899984
0.1033 5.77008862374045e-05 4.2547325408361e-05 0.0101808266630511 7.34689481298111e-05 6.32181004868743e-05 0.0175097334078411
0.1034 5.77008862374045e-05 4.2547325408361e-05 0.0101808266630511 7.2218104650379e-05 6.22914112093877e-05 0.0175649507496167
0.1035 5.77008862374045e-05 4.2547325408361e-05 0.0101808266630511 7.08398280199685e-05 6.0898432931672e-05 0.0176225618191979
0.1036 4.38104655975698e-05 5.74553218102218e-05 0.0105098350971397 4.52137070311048e-05 7.91784450459205e-05 0.0180593568490358
0.1037 4.38104655975698e-05 5.74553218102218e-05 0.0105098350971397 4.35307093217258e-05 7.66295936661441e-05 0.0181165036315528
0.1038 4.38104655975698e-05 5.74553218102218e-05 0.0105098350971397 4.1527079828461e-05 7.3787994894665e-05 0.0181768734304082
0.1039 4.38104655975698e-05 5.74553218102218e-05 0.0105098350971397 3.94709392935576e-05 7.0412828082931e-05 0.0182408610695825
0.104 4.38104655975698e-05 5.74553218102218e-05 0.0105098350971397 3.74465340362558e-05 6.72166238721971e-05 0.0183091712854739
0.1041 2.11712622073974e-05 6.34096915382526e-05 0.0111080853094441 8.61741247399264e-06 7.34506146782861e-05 0.0191729200197734
0.1042 2.11712622073974e-05 6.34096915382526e-05 0.0111080853094441 6.50528889061086e-06 7.02499169521098e-05 0.0192362202828639
0.1043 2.11712622073974e-05 6.34096915382526e-05 0.0111080853094441 4.07160789962411e-06 6.70633100925316e-05 0.0193041944588674
0.1044 2.11712622073974e-05 6.34096915382526e-05 0.0111080853094441 1.35571651832731e-06 6.39287018023252e-05 0.0193765296925682
0.1045 2.11712622073974e-05 6.34096915382526e-05 0.0111080853094441 -1.385182561901e-06 6.11247778920295e-05 0.0194536106470955
0.1046 6.61180060822406e-06 4.73243353444307e-05 0.0119315481940874 -1.79175448711711e-05 4.44501167760899e-05 0.0206601843072099
0.1047 6.61180060822406e-06 4.73243353444307e-05 0.0119315481940874 -2.06024603173062e-05 4.05085977566959e-05 0.0207256821831318
0.1048 6.61180060822406e-06 4.73243353444307e-05 0.0119315481940874 -2.3188930759496e-05 3.60014307317424e-05 0.0207950648615778
0.1049 6.61180060822406e-06 4.73243353444307e-05 0.0119315481940874 -2.57501574941232e-05 3.17176157682451e-05 0.0208674964992953
0.105 6.61180060822406e-06 4.73243353444307e-05 0.0119315481940874 -2.82706611527004e-05 2.77169034683774e-05 0.0209424419606757
0.1051 6.13510357835566e-06 4.36569696866032e-05 0.0128229186527066 -2.36585764202121e-05 3.40841845745864e-05 0.0222155948187177
0.1052 6.13510357835566e-06 4.36569696866032e-05 0.0128229186527066 -2.63640869638587e-05 2.98441075999783e-05 0.0222780388326671
0.1053 6.13510357835566e-06 4.36569696866032e-05 0.0128229186527066 -2.92287635794445e-05 2.58940556099003e-05 0.0223440858836868
0.1054 6.13510357835566e-06 4.36569696866032e-05 0.0128229186527066 -3.23398447587999e-05 2.23682072172097e-05 0.0224115265598845
0.1055 6.13510357835566e-06 4.36569696866032e-05 0.0128229186527066 -3.4930068126482e-05 1.9563023555643e-05 0.0224804032191933
0.1056 -1.16571750967157e-05 4.76598691738763e-05 0.0136200910245363 -5.28928788726981e-05 4.2116634264372e-05 0.0235808837223564
0.1057 -1.16571750967157e-05 4.76598691738763e-05 0.0136200910245363 -5.27809593462119e-05 4.07821432317147e-05 0.0236362858130547
0.1058 -1.16571750967157e-05 4.76598691738763e-05 0.0136200910245363 -5.18060924912028e-05 3.95099580811497e-05 0.0236935739131657
0.1059 -1.16571750967157e-05 4.76598691738763e-05 0.0136200910245363 -4.97369832257995e-05 3.82202568021588e-05 0.0237530472843824
0.106 -1.16571750967157e-05 4.76598691738763e-05 0.0136200910245363 -4.70705123854078e-05 3.63344555696606e-05 0.0238130144125081
0.1061 -4.67580736976159e-05 5.82664326014398e-05 0.0143524681669386 -9.03682746089155e-05 6.76904430064646e-05 0.0248029608646268
0.1062 -4.67580736976159e-05 5.82664326014398e-05 0.0143524681669386 -8.89448548427057e-05 6.25776437686825e-05 0.0248462364237367
0.1063 -4.67580736976159e-05 5.82664326014398e-05 0.0143524681669386 -8.74682787246719e-05 5.7364988801694e-05 0.0248908844255602
0.1064 -4.67580736976159e-05 5.82664326014398e-05 0.0143524681669386 -8.54048006804261e-05 5.28986667475841e-05 0.0249356507240675
0.1065 -4.67580736976159e-05 5.82664326014398e-05 0.0143524681669386 -8.2771676622603e-05 4.90547710011557e-05 0.0249795394091399
0.1066 -6.80085131547017e-05 6.13153232845256e-05 0.0149874171039593 -0.000118309439780723 5.99912044580145e-05 0.0258156259570667
0.1067 -6.80085131547017e-05 6.13153232845256e-05 0.0149874171039593 -0.000115281633550888 5.74584035147093e-05 0.0258429322863222
0.1068 -6.80085131547017e-05 6.13153232845256e-05 0.0149874171039593 -0.000112905412200081 5.51716234764455e-05 0.0258700340371678
0.1069 -6.80085131547017e-05 6.13153232845256e-05 0.0149874171039593 -0.000110970882027703 5.3613746839878e-05 0.0258966507045655
0.107 -6.80085131547017e-05 6.13153232845256e-05 0.0149874171039593 -0.000109568269241734 5.27874710746071e-05 0.0259224125990958
0.1071 -5.3208482964276e-05 6.64410078389547e-05 0.0155778366233349 -9.56286376311548e-05 8.02550965872639e-05 0.026730909816392
0.1072 -5.3208482964276e-05 6.64410078389547e-05 0.0155778366233349 -9.63529067342655e-05 7.94490074945821e-05 0.0267428914019266
0.1073 -5.3208482964276e-05 6.64410078389547e-05 0.0155778366233349 -9.81465483247683e-05 7.8839173140324e-05 0.0267554736847937
0.1074 -5.3208482964276e-05 6.64410078389547e-05 0.0155778366233349 -0.000100671403068974 7.8496975227035e-05 0.0267672425395763
0.1075 -5.3208482964276e-05 6.64410078389547e-05 0.0155778366233349 -0.000103075377911243 7.848218989599e-05 0.0267777700740936
0.1076 -4.48689636295534e-05 7.55497716090232e-05 0.0161257133985738 -0.000103210752937537 0.00010234927531629 0.0275717989376394
0.1077 -4.48689636295534e-05 7.55497716090232e-05 0.0161257133985738 -0.000103708859692218 0.000101989500405372 0.0275676748023233
0.1078 -4.48689636295534e-05 7.55497716090232e-05 0.0161257133985738 -0.000102896248982188 0.000101871796112391 0.0275645465055631
0.1079 -4.48689636295534e-05 7.55497716090232e-05 0.0161257133985738 -0.000101645020882034 0.000101960537704833 0.0275620238525626
0.108 -4.48689636295534e-05 7.55497716090232e-05 0.0161257133985738 -0.000100444841595828 0.000102733862110387 0.0275595554127729
0.1081 -5.78356263285977e-05 5.95868293907567e-05 0.0166523427189775 -0.000115003952476902 7.94915965610741e-05 0.028384951432564
0.1082 -5.78356263285977e-05 5.95868293907567e-05 0.0166523427189775 -0.000114761499321267 8.26167110469599e-05 0.0283681003340718
0.1083 -5.78356263285977e-05 5.95868293907567e-05 0.0166523427189775 -0.000115065807292088 8.67022502460683e-05 0.0283521764189526
0.1084 -5.78356263285977e-05 5.95868293907567e-05 0.0166523427189775 -0.000115722252387155 9.13826169367991e-05 0.0283373699896766
0.1085 -5.78356263285977e-05 5.95868293907567e-05 0.0166523427189775 -0.000116731751517039 9.61796995301852e-05 0.0283237584949449
0.1086 -5.07373198197425e-05 4.82111481261892e-05 0.0170855668133204 -0.000107837220587167 8.12364466223278e-05 0.0290500213985201
0.1087 -5.07373198197425e-05 4.82111481261892e-05 0.0170855668133204 -0.000109623118671563 8.64301331290326e-05 0.0290268283488131
0.1088 -5.07373198197425e-05 4.82111481261892e-05 0.0170855668133204 -0.00011145859257726 9.16641703312497e-05 0.0290064910161547
0.1089 -5.07373198197425e-05 4.82111481261892e-05 0.0170855668133204 -0.000112793270279097 9.71482588386632e-05 0.0289880866608858
0.109 -5.07373198197425e-05 4.82111481261892e-05 0.0170855668133204 -0.000113441477013832 0.00010294226754859 0.0289711515261817
0.1091 -6.20604714710432e-05 6.55152242381711e-05 0.017458047435518 -0.000131303069145422 0.000117020085224394 0.0296558949856654
0.1092 -6.20604714710432e-05 6.55152242381711e-05 0.017458047435518 -0.000129939765799718 0.000122398426817613 0.0296297477794026
0.1093 -6.20604714710432e-05 6.55152242381711e-05 0.017458047435518 -0.000127853136440717 0.000127828069116607 0.0296059141424048
0.1094 -6.20604714710432e-05 6.55152242381711e-05 0.017458047435518 -0.00012496685657741 0.000132508448562551 0.0295861334693885
0.1095 -6.20604714710432e-05 6.55152242381711e-05 0.017458047435518 -0.0001222847558756 0.000136742523553681 0.0295685536705756
0.1096 -5.84640532985258e-05 8.1989619922603e-05 0.0178405845394539 -0.000109079290027449 0.000141115613594289 0.0302958772122927
0.1097 -5.84640532985258e-05 8.1989619922603e-05 0.0178405845394539 -0.000106179245531362 0.000146119158789319 0.0302709592113853
0.1098 -5.84640532985258e-05 8.1989619922603e-05 0.0178405845394539 -0.000104020618282426 0.000151118633520804 0.0302483561161781
0.1099 -5.84640532985258e-05 8.1989619922603e-05 0.0178405845394539 -0.000102482124593234 0.000155834947857136 0.0302284244884556
0.11 -5.84640532985258e-05 8.1989619922603e-05 0.0178405845394539 -0.000100432481340959 0.000160017186428353 0.0302122933399785
0.1101 -4.90011461658645e-05 0.000103990340365359 0.0182136485163642 -9.01355698787954e-05 0.000174037327539472 0.0309316922502213
0.1102 -4.90011461658645e-05 0.000103990340365359 0.0182136485163642 -8.68413433524269e-05 0.000177423769542257 0.0309066839656411
0.1103 -4.90011461658645e-05 0.000103990340365359 0.0182136485163642 -8.4325735041474e-05 0.000179828327121289 0.0308828549147394
0.1104 -4.90011461658645e-05 0.000103990340365359 0.0182136485163642 -8.26791284069295e-05 0.000181156713779639 0.0308605982069415
0.1105 -4.90011461658645e-05 0.000103990340365359 0.0182136485163642 -8.20763008966286e-05 0.000181703981407052 0.0308400300270779
0.1106 -4.42899582802126e-05 9.44221834781089e-05 0.018452990791874 -9.1541751344281e-05 0.000145029820038778 0.0313332521789939
0.1107 -4.42899582802126e-05 9.44221834781089e-05 0.018452990791874 -9.17148254565539e-05 0.000146142651221458 0.0313082829552723
0.1108 -4.42899582802126e-05 9.44221834781089e-05 0.018452990791874 -9.16914275892505e-05 0.000147624804335282 0.0312858911128551
0.1109 -4.42899582802126e-05 9.44221834781089e-05 0.018452990791874 -9.15029705815698e-05 0.000149248040540416 0.0312664887495405
0.111 -4.42899582802126e-05 9.44221834781089e-05 0.018452990791874 -9.14598789428224e-05 0.000150900035273939 0.0312499989355291
0.1111 -3.97534230201161e-05 9.63690515967182e-05 0.018487513680273 -9.66735125248955e-05 0.000147985855393634 0.0314168861764781
0.1112 -3.97534230201161e-05 9.63690515967182e-05 0.018487513680273 -9.68554339352512e-05 0.000149222821198569 0.0314020119088336
0.1113 -3.97534230201161e-05 9.63690515967182e-05 0.018487513680273 -9.72712998319377e-05 0.000149740239594528 0.0313891980426248
0.1114 -3.97534230201161e-05 9.63690515967182e-05 0.018487513680273 -9.78165976971295e-05 0.000149340340862227 0.0313782710630614
0.1115 -3.97534230201161e-05 9.63690515967182e-05 0.018487513680273 -9.85319401802898e-05 0.000148235409823589 0.031369344882586
0.1116 -4.04565038413933e-05 0.000151137726217744 0.018831273674233 -0.000103801398640141 0.000229973269849832 0.0320655301712683
0.1117 -4.04565038413933e-05 0.000151137726217744 0.018831273674233 -0.000104722629820304 0.000226905111876677 0.0320496401027627
0.1118 -4.04565038413933e-05 0.000151137726217744 0.018831273674233 -0.000105728832487641 0.000223688729938036 0.0320373231567578
0.1119 -4.04565038413933e-05 0.000151137726217744 0.018831273674233 -0.000106813362482023 0.000220637557844284 0.0320288396864593
0.112 -4.04565038413933e-05 0.000151137726217744 0.018831273674233 -0.000108196241810856 0.0002174764242415 0.0320229794328713
0.1121 -1.93071297063925e-05 0.00019484902769056 0.0189885464801076 -7.49232976667722e-05 0.000290946620295371 0.0323794695420305
0.1122 -1.93071297063925e-05 0.00019484902769056 0.0189885464801076 -7.79194655925729e-05 0.000287165877276168 0.0323739731929375
0.1123 -1.93071297063925e-05 0.00019484902769056 0.0189885464801076 -8.13179280506736e-05 0.0002840564560546 0.0323721067853493
0.1124 -1.93071297063925e-05 0.00019484902769056 0.0189885464801076 -8.44925785013598e-05 0.000281407223350691 0.0323737085476965
0.1125 -1.93071297063925e-05 0.00019484902769056 0.0189885464801076 -8.75213909136889e-05 0.000278925307979038 0.0323782661714168
0.1126 1.08311531312452e-06 9.17089897937556e-05 0.0190090137639748 -5.76402017041624e-05 0.000122828574818075 0.0324832342623364
0.1127 1.08311531312452e-06 9.17089897937556e-05 0.0190090137639748 -6.08568671611154e-05 0.000122580887999454 0.0324916225135605
0.1128 1.08311531312452e-06 9.17089897937556e-05 0.0190090137639748 -6.35326136936076e-05 0.000121638309570431 0.0325024511812809
0.1129 1.08311531312452e-06 9.17089897937556e-05 0.0190090137639748 -6.57033182985769e-05 0.000120100058932554 0.0325150949504567
0.113 1.08311531312452e-06 9.17089897937556e-05 0.0190090137639748 -6.75934961436576e-05 0.000117923333294546 0.0325294741731993
0.1131 1.19504409813109e-06 6.70682641990596e-05 0.0195304793341971 -5.59349897910137e-05 8.4094074814615e-05 0.0334032054194677
0.1132 1.19504409813109e-06 6.70682641990596e-05 0.0195304793341971 -5.76231824586779e-05 8.18012043633833e-05 0.033406677837633
0.1133 1.19504409813109e-06 6.70682641990596e-05 0.0195304793341971 -5.78352249124682e-05 7.98637810814298e-05 0.0334135561535671
0.1134 1.19504409813109e-06 6.70682641990596e-05 0.0195304793341971 -5.84874314504872e-05 7.77315868677112e-05 0.0334226548449988
0.1135 1.19504409813109e-06 6.70682641990596e-05 0.0195304793341971 -5.94644886421602e-05 7.5284551634719e-05 0.0334331783372355
0.1136 -1.90917038878007e-05 9.65654715603707e-05 0.0203433575495384 -7.01898107686611e-05 0.000121636483978329 0.0347543981904297
0.1137 -1.90917038878007e-05 9.65654715603707e-05 0.0203433575495384 -7.04933036295188e-05 0.00011916727082815 0.0347455874935377
0.1138 -1.90917038878007e-05 9.65654715603707e-05 0.0203433575495384 -7.03882881762041e-05 0.000117106198064534 0.0347396772248199
0.1139 -1.90917038878007e-05 9.65654715603707e-05 0.0203433575495384 -7.0061006944068e-05 0.000115117943800833 0.0347362219031996
0.114 -1.90917038878007e-05 9.65654715603707e-05 0.0203433575495384 -6.9594469817422e-05 0.000113363155059022 0.0347352011338003
0.1141 -2.32894071572346e-05 7.86755784366232e-05 0.0206808366544614 -6.71027651115602e-05 9.94484079800798e-05 0.035288368307607
0.1142 -2.32894071572346e-05 7.86755784366232e-05 0.0206808366544614 -6.67841859583048e-05 9.77721825299818e-05 0.0352842907762635
0.1143 -2.32894071572346e-05 7.86755784366232e-05 0.0206808366544614 -6.64820815568881e-05 9.64675974001677e-05 0.0352837176704281
0.1144 -2.32894071572346e-05 7.86755784366232e-05 0.0206808366544614 -6.58883231348446e-05 9.58754122273934e-05 0.0352862763138782
0.1145 -2.32894071572346e-05 7.86755784366232e-05 0.0206808366544614 -6.54915116167158e-05 9.56375468867189e-05 0.0352917746829481
0.1146 1.7932796398262e-06 -8.0414269391056e-05 0.0208336832025602 -7.61247013020016e-05 -0.000126978692908413 0.0356075417249116
0.1147 1.7932796398262e-06 -8.0414269391056e-05 0.0208336832025602 -7.60569111803581e-05 -0.000124523417839946 0.0356155700477971
0.1148 1.7932796398262e-06 -8.0414269391056e-05 0.0208336832025602 -7.57544759766134e-05 -0.00012260021262947 0.0356264598695982
0.1149 1.7932796398262e-06 -8.0414269391056e-05 0.0208336832025602 -7.47353842696248e-05 -0.000121055401781091 0.035639417232428
0.115 1.7932796398262e-06 -8.0414269391056e-05 0.0208336832025602 -7.33378217030398e-05 -0.00011988479620959 0.0356538944684742
0.1151 -3.55401469161735e-05 2.80342007876822e-05 0.0215053691175594 -9.72093178554255e-05 3.40373009149906e-05 0.036882637545909
0.1152 -3.55401469161735e-05 2.80342007876822e-05 0.0215053691175594 -9.60909214207432e-05 3.34690852317828e-05 0.03687878644902
0.1153 -3.55401469161735e-05 2.80342007876822e-05 0.0215053691175594 -9.52548306167242e-05 3.32507091792335e-05 0.0368767848233459
0.1154 -3.55401469161735e-05 2.80342007876822e-05 0.0215053691175594 -9.41323692988221e-05 3.22440811760135e-05 0.0368757481809102
0.1155 -3.55401469161735e-05 2.80342007876822e-05 0.0215053691175594 -9.27027651299313e-05 3.02300905115412e-05 0.0368757201818738
0.1156 -5.13514503029616e-05 0.000158919887203524 0.0223078322500395 -0.00010368062556305 0.000225509421214781 0.0380948820420191
0.1157 -5.13514503029616e-05 0.000158919887203524 0.0223078322500395 -0.000101354600313359 0.000219447870533027 0.0380776969770018
0.1158 -5.13514503029616e-05 0.000158919887203524 0.0223078322500395 -9.92639070055127e-05 0.000213499846863859 0.0380634651571908
0.1159 -5.13514503029616e-05 0.000158919887203524 0.0223078322500395 -9.7617118578722e-05 0.000207861080174165 0.0380523944250188
0.116 -5.13514503029616e-05 0.000158919887203524 0.0223078322500395 -9.64919466000686e-05 0.000202659387634394 0.038044540030859
0.1161 -1.92749074461849e-05 0.000195247260199412 0.0226633508731494 -5.69269830207437e-05 0.00027034522994001 0.0386699514105574
0.1162 -1.92749074461849e-05 0.000195247260199412 0.0226633508731494 -5.69244877181973e-05 0.000265406172518518 0.0386599820507618
0.1163 -1.92749074461849e-05 0.000195247260199412 0.0226633508731494 -5.71431427186427e-05 0.000260844452476381 0.0386547249672132
0.1164 -1.92749074461849e-05 0.000195247260199412 0.0226633508731494 -5.75132734928914e-05 0.000256614057150889 0.0386533298772818
0.1165 -1.92749074461849e-05 0.000195247260199412 0.0226633508731494 -5.82171411470987e-05 0.000252681376614848 0.038655213330176
0.1166 2.31337450390167e-05 0.00010224508334729 0.0229622334223891 -6.30000316415458e-07 0.000127674890754061 0.0392314827980512
0.1167 2.31337450390167e-05 0.00010224508334729 0.0229622334223891 -2.73125245485586e-06 0.000126866079998434 0.0392298828134942
0.1168 2.31337450390167e-05 0.00010224508334729 0.0229622334223891 -4.75740521406541e-06 0.000126447477166992 0.0392313459670208
0.1169 2.31337450390167e-05 0.00010224508334729 0.0229622334223891 -6.64132798478806e-06 0.000126214707823966 0.0392356093365214
0.117 2.31337450390167e-05 0.00010224508334729 0.0229622334223891 -8.32663141201329e-06 0.000125982707541104 0.0392425192041607
0.1171 2.47319960987052e-05 0.000184912908897126 0.0233420494805888 -4.64195053061944e-06 0.000273697582942265 0.0399541975275307
0.1172 2.47319960987052e-05 0.000184912908897126 0.0233420494805888 -6.07807591186769e-06 0.000271396310486498 0.039953438193717
0.1173 2.47319960987052e-05 0.000184912908897126 0.0233420494805888 -7.38402111303399e-06 0.000269434990100321 0.0399549412572772
0.1174 2.47319960987052e-05 0.000184912908897126 0.0233420494805888 -8.89699140201435e-06 0.000266262060545835 0.0399580052747329
0.1175 2.47319960987052e-05 0.000184912908897126 0.0233420494805888 -1.20788607184457e-05 0.000263227774879238 0.0399626946639
0.1176 -4.60945952370539e-06 0.000157330823778875 0.0238350245681978 -5.42091254156541e-05 0.00023041175209221 0.0407998116171359
0.1177 -4.60945952370539e-06 0.000157330823778875 0.0238350245681978 -5.4800609728856e-05 0.000230529694214748 0.0407980959262136
0.1178 -4.60945952370539e-06 0.000157330823778875 0.0238350245681978 -5.50022627658158e-05 0.000231228638871833 0.0407991188919003
0.1179 -4.60945952370539e-06 0.000157330823778875 0.0238350245681978 -5.57776959750964e-05 0.000231764298380117 0.0408021879757307
0.118 -4.60945952370539e-06 0.000157330823778875 0.0238350245681978 -5.68980208377832e-05 0.000232014544268294 0.0408068928017503
0.1181 2.38970377716665e-05 0.000118004275569685 0.024132918089617 -4.21267998303585e-06 0.000179611024982757 0.0412901868450335
0.1182 2.38970377716665e-05 0.000118004275569685 0.024132918089617 -5.93368514810176e-06 0.000180341751075957 0.0412907131973316
0.1183 2.38970377716665e-05 0.000118004275569685 0.024132918089617 -7.10276374152316e-06 0.000181038414290557 0.0412949733891428
0.1184 2.38970377716665e-05 0.000118004275569685 0.024132918089617 -8.20302317832653e-06 0.000181530882716855 0.0413018351174478
0.1185 2.38970377716665e-05 0.000118004275569685 0.024132918089617 -9.14589207307853e-06 0.000181794777707987 0.0413107850777025
0.1186 7.98397651553399e-05 0.000121622078843304 0.0243031806100048 8.66563719056896e-05 0.000194186717127757 0.041628548328925
0.1187 7.98397651553399e-05 0.000121622078843304 0.0243031806100048 8.38185044819024e-05 0.00019381165567201 0.0416361998310294
0.1188 7.98397651553399e-05 0.000121622078843304 0.0243031806100048 8.10706644864687e-05 0.000193398466609655 0.0416457463662161
0.1189 7.98397651553399e-05 0.000121622078843304 0.0243031806100048 7.8430092294733e-05 0.000193359430453642 0.0416572632522983
0.119 7.98397651553399e-05 0.000121622078843304 0.0243031806100048 7.61546273128209e-05 0.000193542382760945 0.0416709671106965
0.1191 1.20031147735736e-05 5.71112209809498e-05 0.024853781447243 -2.18449004533944e-05 8.18852272908066e-05 0.0425942303364135
0.1192 1.20031147735736e-05 5.71112209809498e-05 0.024853781447243 -2.23241789786934e-05 8.43093486478436e-05 0.0425954244806771
0.1193 1.20031147735736e-05 5.71112209809498e-05 0.024853781447243 -2.25445256513599e-05 8.72429095784894e-05 0.0425981101790799
0.1194 1.20031147735736e-05 5.71112209809498e-05 0.024853781447243 -2.25795744481011e-05 9.05888942914032e-05 0.0426020135529241
0.1195 1.20031147735736e-05 5.71112209809498e-05 0.024853781447243 -2.24805062627799e-05 9.4236836368849e-05 0.0426075006377185
0.1196 -3.31266371304454e-05 7.28022396339449e-05 0.0254224628472092 -8.5626887210056e-05 0.000119919288321401 0.0435086894212075
0.1197 -3.31266371304454e-05 7.28022396339449e-05 0.0254224628472092 -8.41071575512217e-05 0.000123356641574179 0.0435023559896628
0.1198 -3.31266371304454e-05 7.28022396339449e-05 0.0254224628472092 -8.23439393441264e-05 0.000126090894245412 0.0434984851718968
0.1199 -3.31266371304454e-05 7.28022396339449e-05 0.0254224628472092 -8.06313666699843e-05 0.00012846564454337 0.0434962368517586
0.12 -3.31266371304454e-05 7.28022396339449e-05 0.0254224628472092 -7.8976815119193e-05 0.000130835307538196 0.0434952354234227
0.1201 4.3020342600065e-05 8.75220149695787e-05 0.0258309344470891 4.49956125240847e-05 0.000145427381698812 0.0441820418300611
0.1202 4.3020342600065e-05 8.75220149695787e-05 0.0258309344470891 4.47210805350222e-05 0.000147645011188975 0.0441739011175721
0.1203 4.3020342600065e-05 8.75220149695787e-05 0.0258309344470891 4.44312308217746e-05 0.00014941096061515 0.0441676952650162
0.1204 4.3020342600065e-05 8.75220149695787e-05 0.0258309344470891 4.44161506300206e-05 0.000150824497452021 0.0441636780285862
0.1205 4.3020342600065e-05 8.75220149695787e-05 0.0258309344470891 4.45882821237556e-05 0.000152020849817796 0.0441622400690536
0.1206 8.5848197112072e-05 8.69441460751949e-05 0.0261284656246834 0.000109434848846477 0.000134442676230283 0.04470212639593
0.1207 8.5848197112072e-05 8.69441460751949e-05 0.0261284656246834 0.000108749604588188 0.000136125682072823 0.0446965286779412
0.1208 8.5848197112072e-05 8.69441460751949e-05 0.0261284656246834 0.00010826135391881 0.000137943617121123 0.0446934673384588
0.1209 8.5848197112072e-05 8.69441460751949e-05 0.0261284656246834 0.000107988201531139 0.000139488624643267 0.0446927125650137
0.121 8.5848197112072e-05 8.69441460751949e-05 0.0261284656246834 0.000107803568105557 0.000140594762657854 0.0446942258981072
0.1211 -2.25885348550888e-05 6.9444240933463e-05 0.0264006885889636 -6.89960448731612e-05 0.000104047710915208 0.045184816507231
0.1212 -2.25885348550888e-05 6.9444240933463e-05 0.0264006885889636 -6.63913549049105e-05 0.000104993792809122 0.0451827335322437
0.1213 -2.25885348550888e-05 6.9444240933463e-05 0.0264006885889636 -6.42072766049625e-05 0.000105602107915673 0.0451830999732634
0.1214 -2.25885348550888e-05 6.9444240933463e-05 0.0264006885889636 -6.23917162831439e-05 0.000106032342921743 0.0451859166428488
0.1215 -2.25885348550888e-05 6.9444240933463e-05 0.0264006885889636 -6.05307695189357e-05 0.000106128473223479 0.045191086996129
0.1216 -2.13509435375106e-05 8.46690942856668e-05 0.0267867710936461 -5.96264537976391e-05 0.000127607874762162 0.0458791560074245
0.1217 -2.13509435375106e-05 8.46690942856668e-05 0.0267867710936461 -5.79933658567286e-05 0.000127450394629077 0.0458751678689171
0.1218 -2.13509435375106e-05 8.46690942856668e-05 0.0267867710936461 -5.64359350287318e-05 0.000127542738291967 0.0458727661502309
0.1219 -2.13509435375106e-05 8.46690942856668e-05 0.0267867710936461 -5.52330920457538e-05 0.00012732480482158 0.0458722963213614
0.122 -2.13509435375106e-05 8.46690942856668e-05 0.0267867710936461 -5.40532769310242e-05 0.000127099124634075 0.0458735005245729
0.1221 0.000121639903753436 0.000139093916475128 0.0270533925363554 0.000172810442396761 0.000226393413253008 0.0463305343548406
0.1222 0.000121639903753436 0.000139093916475128 0.0270533925363554 0.000169816248457368 0.000224584526353374 0.0463280185310378
0.1223 0.000121639903753436 0.000139093916475128 0.0270533925363554 0.000166996619232193 0.000223208005903895 0.0463276050574192
0.1224 0.000121639903753436 0.000139093916475128 0.0270533925363554 0.000164341379226936 0.000222137764127209 0.046329291387835
0.1225 0.000121639903753436 0.000139093916475128 0.0270533925363554 0.000161565289586341 0.000221403935496024 0.0463326980974066
0.1226 6.12536203794923e-05 0.000249528021486691 0.0275017075157561 6.02727764425734e-05 0.000383911314957878 0.0471888255230023
0.1227 6.12536203794923e-05 0.000249528021486691 0.0275017075157561 5.94031119839218e-05 0.000380791641736482 0.0471823430564096
0.1228 6.12536203794923e-05 0.000249528021486691 0.0275017075157561 5.86631558740404e-05 0.000378134302225886 0.0471788608523093
0.1229 6.12536203794923e-05 0.000249528021486691 0.0275017075157561 5.817856012093e-05 0.000375817540867734 0.0471784970613
0.123 6.12536203794923e-05 0.000249528021486691 0.0275017075157561 5.78183860572432e-05 0.000373615807521339 0.0471812396193114
0.1231 -5.41791490435811e-05 0.000211980945632052 0.0283217759904389 -0.000121304560914354 0.000325899903993918 0.048517941482682
0.1232 -5.41791490435811e-05 0.000211980945632052 0.0283217759904389 -0.000118953875631226 0.000324488370231815 0.0485027085593135
0.1233 -5.41791490435811e-05 0.000211980945632052 0.0283217759904389 -0.000117054277778338 0.000323145742269278 0.0484903361004089
0.1234 -5.41791490435811e-05 0.000211980945632052 0.0283217759904389 -0.000115550569729875 0.000321670969331279 0.048480331459196
0.1235 -5.41791490435811e-05 0.000211980945632052 0.0283217759904389 -0.000114364678554541 0.000319733269998145 0.0484725888603249
0.1236 1.36333841962476e-05 9.87849437798953e-05 0.0285034284870517 -6.75367219050933e-07 0.000155063640466437 0.048758693034809
0.1237 1.36333841962476e-05 9.87849437798953e-05 0.0285034284870517 -1.10873637820875e-06 0.000155844241797079 0.0487503586184322
0.1238 1.36333841962476e-05 9.87849437798953e-05 0.0285034284870517 -1.40287875093992e-06 0.000156772817293919 0.0487449308400824
0.1239 1.36333841962476e-05 9.87849437798953e-05 0.0285034284870517 -1.63842467650388e-06 0.000157805337783138 0.0487421342060796
0.124 1.36333841962476e-05 9.87849437798953e-05 0.0285034284870517 -1.61755632017798e-06 0.000158909824696193 0.0487415975663704
0.1241 0.000219292472079484 0.000105508924857626 0.0282703035752132 0.000323793924081705 0.000164557174123705 0.048422306818887
0.1242 0.000219292472079484 0.000105508924857626 0.0282703035752132 0.000319003788019304 0.000165742200368812 0.0484327958171359
0.1243 0.000219292472079484 0.000105508924857626 0.0282703035752132 0.000315161688079791 0.000166846850355071 0.0484455071270791
0.1244 0.000219292472079484 0.000105508924857626 0.0282703035752132 0.000312045724914832 0.000167782003710614 0.0484601889640189
0.1245 0.000219292472079484 0.000105508924857626 0.0282703035752132 0.000309624220903608 0.0001684691197857 0.0484765023178036
0.1246 9.67831721244201e-05 7.81519127862447e-05 0.0288729187126598 0.000117793440930784 0.000119763102679245 0.0495686676210113
0.1247 9.67831721244201e-05 7.81519127862447e-05 0.0288729187126598 0.000119465446007655 0.000120414660461671 0.0495697122807131
0.1248 9.67831721244201e-05 7.81519127862447e-05 0.0288729187126598 0.000121414591324496 0.000121091409064455 0.0495728701005984
0.1249 9.67831721244201e-05 7.81519127862447e-05 0.0288729187126598 0.000123588045706481 0.000121966943742618 0.0495777552596676
0.125 9.67831721244201e-05 7.81519127862447e-05 0.0288729187126598 0.000125720225403163 0.000123012114311506 0.0495842201759027
0.1251 -6.62784780116874e-05 4.40401962673256e-05 0.0298694472048036 -0.000119697719916176 5.44672762978407e-05 0.05116762952706
0.1252 -6.62784780116874e-05 4.40401962673256e-05 0.0298694472048036 -0.000114086045541801 5.68242465648062e-05 0.0511495390961642
0.1253 -6.62784780116874e-05 4.40401962673256e-05 0.0298694472048036 -0.000108778070476429 5.90922793781785e-05 0.0511341624345445
0.1254 -6.62784780116874e-05 4.40401962673256e-05 0.0298694472048036 -0.000103789570301106 6.12701535667177e-05 0.0511214753611456
0.1255 -6.62784780116874e-05 4.40401962673256e-05 0.0298694472048036 -9.90767414548807e-05 6.34089258295665e-05 0.0511113159059694
0.1256 -1.43260150963254e-05 8.36065302643299e-05 0.0302486576911711 -2.16955754586877e-05 0.000125593280880197 0.0517350202367233
0.1257 -1.43260150963254e-05 8.36065302643299e-05 0.0302486576911711 -1.86167779669953e-05 0.000126625306882252 0.0517192322817557
0.1258 -1.43260150963254e-05 8.36065302643299e-05 0.0302486576911711 -1.55884468987501e-05 0.000127598064861062 0.0517066873814141
0.1259 -1.43260150963254e-05 8.36065302643299e-05 0.0302486576911711 -1.25364290030549e-05 0.000128550211229622 0.0516975486483616
0.126 -1.43260150963254e-05 8.36065302643299e-05 0.0302486576911711 -9.49300896884198e-06 0.000129515818255059 0.0516918077857503
0.1261 0.000227551160166874 5.6211447810397e-05 0.029891301770877 0.000356242792218995 7.75374432693073e-05 0.05120378478921
0.1262 0.000227551160166874 5.6211447810397e-05 0.029891301770877 0.000353200757304764 7.92901354177027e-05 0.0512138338350864
0.1263 0.000227551160166874 5.6211447810397e-05 0.029891301770877 0.00035039064580222 8.08984962852614e-05 0.051226519794235
0.1264 0.000227551160166874 5.6211447810397e-05 0.029891301770877 0.000347819822615651 8.23153877779833e-05 0.0512416066583429
0.1265 0.000227551160166874 5.6211447810397e-05 0.029891301770877 0.000345673255915123 8.3669616742064e-05 0.0512585125166782
0.1266 0.000188262201329915 4.9853084489654e-05 0.0304125115691827 0.00027109603648637 5.66777353476008e-05 0.0522136623730172
0.1267 0.000188262201329915 4.9853084489654e-05 0.0304125115691827 0.000270824176910156 5.84340891717601e-05 0.0522181338494534
0.1268 0.000188262201329915 4.9853084489654e-05 0.0304125115691827 0.00027054922208162 6.00678489725685e-05 0.052224905662005
0.1269 0.000188262201329915 4.9853084489654e-05 0.0304125115691827 0.000270136110119226 6.15793344385744e-05 0.0522337466433956
0.127 0.000188262201329915 4.9853084489654e-05 0.0304125115691827 0.000269558796423836 6.29859564233962e-05 0.0522442930751189
0.1271 -7.71707487912696e-05 0.000122556605967434 0.0314995712625032 -0.000141194757792103 0.000178660587915716 0.054009221668677
0.1272 -7.71707487912696e-05 0.000122556605967434 0.0314995712625032 -0.000135361756618758 0.000178022920738784 0.0539915680047771
0.1273 -7.71707487912696e-05 0.000122556605967434 0.0314995712625032 -0.000130286548887048 0.000177256886439416 0.0539765926556434
0.1274 -7.71707487912696e-05 0.000122556605967434 0.0314995712625032 -0.000125497383300382 0.000176512374705401 0.0539639743456145
0.1275 -7.71707487912696e-05 0.000122556605967434 0.0314995712625032 -0.000120761940352515 0.000175636402177098 0.0539535839913262
0.1276 -4.7488431311788e-05 0.000169079431403436 0.0319022666784998 -7.49442804556075e-05 0.000250021587880726 0.0546113419269734
0.1277 -4.7488431311788e-05 0.000169079431403436 0.0319022666784998 -7.15423934193989e-05 0.000247527210151902 0.0545942842800987
0.1278 -4.7488431311788e-05 0.000169079431403436 0.0319022666784998 -6.86711987912028e-05 0.000244880110152372 0.054580607912855
0.1279 -4.7488431311788e-05 0.000169079431403436 0.0319022666784998 -6.63623948041025e-05 0.000242100754131941 0.0545704469412267
0.128 -4.7488431311788e-05 0.000169079431403436 0.0319022666784998 -6.46414606832337e-05 0.000239373514781923 0.0545639554831989
0.1281 0.000236330361013174 7.01604359830326e-05 0.0313046680773071 0.000363335470903757 8.86635930623562e-05 0.0536954003327621
0.1282 0.000236330361013174 7.01604359830326e-05 0.0313046680773071 0.000357576245379101 8.83586429504223e-05 0.0537127730441261
0.1283 0.000236330361013174 7.01604359830326e-05 0.0313046680773071 0.000351840607536653 8.82149165854089e-05 0.0537325349555211
0.1284 0.000236330361013174 7.01604359830326e-05 0.0313046680773071 0.000346193946321787 8.8054541533642e-05 0.0537543837161297
0.1285 0.000236330361013174 7.01604359830326e-05 0.0313046680773071 0.000340673052857477 8.79754318471263e-05 0.0537780835962469
0.1286 0.000156718198754382 0.000198167304905936 0.0322476161817551 0.000200821864614016 0.000293042542560388 0.0554724617030689
0.1287 0.000156718198754382 0.000198167304905936 0.0322476161817551 0.000197376475907876 0.000289914408739072 0.0554717881749079
0.1288 0.000156718198754382 0.000198167304905936 0.0322476161817551 0.000193534759562609 0.000286603443233037 0.0554743130645164
0.1289 0.000156718198754382 0.000198167304905936 0.0322476161817551 0.000189815335404083 0.000283695856813416 0.0554789740711467
0.129 0.000156718198754382 0.000198167304905936 0.0322476161817551 0.000186595832078877 0.000281551472814439 0.055484932589463
0.1291 -2.49944905585815e-05 0.000159160419447531 0.0332977502869571 -8.07633534024814e-05 0.000227204732433814 0.0571306228086211
0.1292 -2.49944905585815e-05 0.000159160419447531 0.0332977502869571 -7.87840612507838e-05 0.000226644908253589 0.0571089635148095
0.1293 -2.49944905585815e-05 0.000159160419447531 0.0332977502869571 -7.68560328436569e-05 0.000226000398043698 0.057089628841929
0.1294 -2.49944905585815e-05 0.000159160419447531 0.0332977502869571 -7.48266382338399e-05 0.000225591713254336 0.0570721742343067
0.1295 -2.49944905585815e-05 0.000159160419447531 0.0332977502869571 -7.26549060022442e-05 0.000225414030564827 0.0570562392627895
0.1296 -3.34885360341592e-05 0.000139801659426759 0.0336108036181319 -6.20439677189035e-05 0.000211011016340039 0.0575257482175458
0.1297 -3.34885360341592e-05 0.000139801659426759 0.0336108036181319 -5.98103977256705e-05 0.000210820141167633 0.0575053431976781
0.1298 -3.34885360341592e-05 0.000139801659426759 0.0336108036181319 -5.7429714913211e-05 0.000210424936695745 0.0574881001654103
0.1299 -3.34885360341592e-05 0.000139801659426759 0.0336108036181319 -5.50003072529207e-05 0.000209939940842749 0.0574742086748427
0.13 -3.34885360341592e-05 0.000139801659426759 0.0336108036181319 -5.26198845823318e-05 0.000209535241462977 0.0574636752043754
0.1301 0.000286124335048106 0.000191287306399355 0.0331155643493728 0.000448679350465754 0.000284079883424968 0.0567389816090488
0.1302 0.000286124335048106 0.000191287306399355 0.0331155643493728 0.000442680176985049 0.000282191943653653 0.0567483737585564
0.1303 0.000286124335048106 0.000191287306399355 0.0331155643493728 0.000437117109192398 0.000280297188619132 0.0567606642355949
0.1304 0.000286124335048106 0.000191287306399355 0.0331155643493728 0.000431974736252063 0.00027832340939918 0.0567758227901521
0.1305 0.000286124335048106 0.000191287306399355 0.0331155643493728 0.000427123619155522 0.000276350439154069 0.0567936283120823
0.1306 0.000479222409684981 0.000110580950423677 0.0332516206361899 0.000712080966078808 0.000143416620772356 0.0571314924377579
0.1307 0.000479222409684981 0.000110580950423677 0.0332516206361899 0.00070243734491517 0.00014399642426346 0.0571483447923543
0.1308 0.000479222409684981 0.000110580950423677 0.0332516206361899 0.000693184972520719 0.000144709711451039 0.0571669366307792
0.1309 0.000479222409684981 0.000110580950423677 0.0332516206361899 0.000684447461846391 0.000145489099717783 0.0571868116491849
0.131 0.000479222409684981 0.000110580950423677 0.0332516206361899 0.000676258010658633 0.00014641689252419 0.0572078129408521
0.1311 -5.18928934913119e-05 0.000119411153823521 0.0346433014090867 -0.000132865116980895 0.00017865090768402 0.0595072492063717
0.1312 -5.18928934913119e-05 0.000119411153823521 0.0346433014090867 -0.000127046531406547 0.000179914424704891 0.0594902852609236
0.1313 -5.18928934913119e-05 0.000119411153823521 0.0346433014090867 -0.000121540264108057 0.000181226690679294 0.0594760528680012
0.1314 -5.18928934913119e-05 0.000119411153823521 0.0346433014090867 -0.000116049568580792 0.000182779943143754 0.0594640334634003
0.1315 -5.18928934913119e-05 0.000119411153823521 0.0346433014090867 -0.000110312095572231 0.000184601989230002 0.0594543312485222
0.1316 -0.000150852121179144 0.000135780173693012 0.0353268469745548 -0.000235418617341651 0.000209926788659278 0.0605027197447447
0.1317 -0.000150852121179144 0.000135780173693012 0.0353268469745548 -0.000227799057911736 0.000211387955263067 0.0604792740653537
0.1318 -0.000150852121179144 0.000135780173693012 0.0353268469745548 -0.000220661172286995 0.000212638952959356 0.0604593299389755
0.1319 -0.000150852121179144 0.000135780173693012 0.0353268469745548 -0.000214107136372396 0.000213703934903039 0.0604430542864569
0.132 -0.000150852121179144 0.000135780173693012 0.0353268469745548 -0.000208135521035102 0.000214658549243509 0.0604305174906395
0.1321 0.000331257179288444 0.000150916178600505 0.0347491972432907 0.000523540573975306 0.000231206300533113 0.0595677827913871
0.1322 0.000331257179288444 0.000150916178600505 0.0347491972432907 0.000516866023301444 0.00023185717925478 0.0595787858357476
0.1323 0.000331257179288444 0.000150916178600505 0.0347491972432907 0.000510795319684184 0.00023245293050797 0.0595929025396009
0.1324 0.000331257179288444 0.000150916178600505 0.0347491972432907 0.000505180421590849 0.000232827157100455 0.0596097827626995
0.1325 0.000331257179288444 0.000150916178600505 0.0347491972432907 0.000499501862766096 0.000232862892406834 0.0596292646913657
0.1326 0.00062962865695465 0.000204967227673502 0.0346441884159144 0.000953893306861109 0.00030816511901175 0.0595749815527024
0.1327 0.00062962865695465 0.000204967227673502 0.0346441884159144 0.000942075090812894 0.0003067274235896 0.0595999074537239
0.1328 0.00062962865695465 0.000204967227673502 0.0346441884159144 0.000931420150475818 0.000305469687268367 0.0596262034492864
0.1329 0.00062962865695465 0.000204967227673502 0.0346441884159144 0.000921680190545323 0.00030441485905298 0.0596537270846917
0.133 0.00062962865695465 0.000204967227673502 0.0346441884159144 0.000912722537410487 0.000303524960839038 0.0596819903392035
0.1331 -1.41483765774842e-05 0.000187615437485881 0.0363000043922696 -7.4075754267789e-05 0.000284318714367471 0.0624295837023686
0.1332 -1.41483765774842e-05 0.000187615437485881 0.0363000043922696 -6.5893246284184e-05 0.000284262633516407 0.062410704430071
0.1333 -1.41483765774842e-05 0.000187615437485881 0.0363000043922696 -5.8476696819653e-05 0.000284373906836784 0.0623941219652708
0.1334 -1.41483765774842e-05 0.000187615437485881 0.0363000043922696 -5.16739909696164e-05 0.000284515420178814 0.0623796887852626
0.1335 -1.41483765774842e-05 0.000187615437485881 0.0363000043922696 -4.54034702747471e-05 0.000284593337782436 0.0623672635093198
0.1336 -0.000160506181472779 0.000202047775846905 0.0371665865184558 -0.00025086595790427 0.000313067742621125 0.0636917834019021
0.1337 -0.000160506181472779 0.000202047775846905 0.0371665865184558 -0.000241944764518078 0.000312509256915486 0.0636607545722465
0.1338 -0.000160506181472779 0.000202047775846905 0.0371665865184558 -0.000233178385902501 0.000312118103971573 0.0636328768287173
0.1339 -0.000160506181472779 0.000202047775846905 0.0371665865184558 -0.000224717111759394 0.000311831731496601 0.0636082351998877
0.134 -0.000160506181472779 0.000202047775846905 0.0371665865184558 -0.000216535720442054 0.000311526263302983 0.0635869282485734
0.1341 0.000131940202659126 0.000252459283312803 0.0366991697742605 0.000206254730830235 0.000395837784163237 0.0629499332858104
0.1342 0.000131940202659126 0.000252459283312803 0.0366991697742605 0.000206686835641309 0.000394095866293719 0.0629485191963342
0.1343 0.000131940202659126 0.000252459283312803 0.0366991697742605 0.000207167779132914 0.000392640169013272 0.0629504934055187
0.1344 0.000131940202659126 0.000252459283312803 0.0366991697742605 0.000207743937102007 0.000391424682396041 0.0629557256537242
0.1345 0.000131940202659126 0.000252459283312803 0.0366991697742605 0.000208332906747771 0.000390297918994396 0.062963939977956
0.1346 0.000411742373582122 -6.79754612835837e-05 0.0364028418616439 0.000628069171895856 -0.000112752199918463 0.0625711378307581
0.1347 0.000411742373582122 -6.79754612835837e-05 0.0364028418616439 0.000621762669600042 -0.000105994892710527 0.0625914286534391
0.1348 0.000411742373582122 -6.79754612835837e-05 0.0364028418616439 0.000615672783840991 -9.97533223806307e-05 0.0626135456808174
0.1349 0.000411742373582122 -6.79754612835837e-05 0.0364028418616439 0.000609696094890753 -9.42469015417975e-05 0.0626370667110034
0.135 0.000411742373582122 -6.79754612835837e-05 0.0364028418616439 0.000603720905666704 -8.93302146222715e-05 0.0626617462542691
0.1351 5.36105266985788e-05 0.000113046909055485 0.0376366084422294 4.91553656960177e-05 0.000190537598490338 0.0646736827105963
0.1352 5.36105266985788e-05 0.000113046909055485 0.0376366084422294 5.24590620506202e-05 0.0001900745948906 0.0646643810731844
0.1353 5.36105266985788e-05 0.000113046909055485 0.0376366084422294 5.495935037437e-05 0.000189772650704657 0.0646576977615495
0.1354 5.36105266985788e-05 0.000113046909055485 0.0376366084422294 5.66612327772272e-05 0.000189584846853693 0.0646534955084702
0.1355 5.36105266985788e-05 0.000113046909055485 0.0376366084422294 5.82912537835948e-05 0.000189127443724996 0.0646513503276014
0.1356 -9.69441241104947e-05 0.000203003906443131 0.038519269142342 -0.000162557595357571 0.000310744985298247 0.0660432628593119
0.1357 -9.69441241104947e-05 0.000203003906443131 0.038519269142342 -0.000156741085207851 0.000308310557587364 0.0660201471025416
0.1358 -9.69441241104947e-05 0.000203003906443131 0.038519269142342 -0.00015104866281958 0.00030605390475046 0.0659998166356199
0.1359 -9.69441241104947e-05 0.000203003906443131 0.038519269142342 -0.000145507347932063 0.000303919505116237 0.0659823367644159
0.136 -9.69441241104947e-05 0.000203003906443131 0.038519269142342 -0.000140279236991492 0.000301803719263253 0.0659679956418816
0.1361 4.92226958721528e-05 0.000132616290895293 0.0381798431833856 6.99970694360463e-05 0.000191422066870896 0.06545902345961
0.1362 4.92226958721528e-05 0.000132616290895293 0.0381798431833856 7.15272203515577e-05 0.000190838779207401 0.0654604264691182
0.1363 4.92226958721528e-05 0.000132616290895293 0.0381798431833856 7.29856744751468e-05 0.000190151141552911 0.0654649396018527
0.1364 4.92226958721528e-05 0.000132616290895293 0.0381798431833856 7.44142911511067e-05 0.000189590396191606 0.0654726512936292
0.1365 4.92226958721528e-05 0.000132616290895293 0.0381798431833856 7.59821467395392e-05 0.000189270730667148 0.0654834852919195
0.1366 8.28458243033608e-05 0.000105200233798449 0.038779492339276 0.000101454791925682 0.000149853213162477 0.0665680136242167
0.1367 8.28458243033608e-05 0.000105200233798449 0.038779492339276 0.000103097910555848 0.000150441291068036 0.0665670862418469
0.1368 8.28458243033608e-05 0.000105200233798449 0.038779492339276 0.000104747626658905 0.000151163314698659 0.066569480766221
0.1369 8.28458243033608e-05 0.000105200233798449 0.038779492339276 0.000106331611705075 0.000152003530297316 0.0665748443239611
0.137 8.28458243033608e-05 0.000105200233798449 0.038779492339276 0.000107680889057431 0.000152882887838389 0.066582766781959
0.1371 1.87680324078921e-05 0.000169215417849086 0.0394650172138515 -1.20254863642666e-06 0.000261992982014907 0.0677494572825336
0.1372 1.87680324078921e-05 0.000169215417849086 0.0394650172138515 9.39036704756895e-07 0.000260788997594468 0.0677412139519981
0.1373 1.87680324078921e-05 0.000169215417849086 0.0394650172138515 2.549873990339e-06 0.000259691075294912 0.0677354798212476
0.1374 1.87680324078921e-05 0.000169215417849086 0.0394650172138515 3.60936989953793e-06 0.000258619390470943 0.0677318822759146
0.1375 1.87680324078921e-05 0.000169215417849086 0.0394650172138515 4.29474657744419e-06 0.000257790731774849 0.0677300001360837
0.1376 -6.48343638997896e-06 0.00020394616297436 0.040110124513489 -3.37913720588541e-05 0.000310354290004838 0.0688243754994273
0.1377 -6.48343638997896e-06 0.00020394616297436 0.040110124513489 -3.27496736716983e-05 0.000309567000173445 0.0688062817933622
0.1378 -6.48343638997896e-06 0.00020394616297436 0.040110124513489 -3.1792641364372e-05 0.000309149329582554 0.0687905903743379
0.1379 -6.48343638997896e-06 0.00020394616297436 0.040110124513489 -3.08198152750891e-05 0.000309044219289966 0.0687773593886754
0.138 -6.48343638997896e-06 0.00020394616297436 0.040110124513489 -2.9766166230415e-05 0.000309222234284549 0.068766771168368
0.1381 5.23215533970374e-05 0.000206079187539651 0.0399714737998513 5.47428031636527e-05 0.000319024673286632 0.0685654487960914
0.1382 5.23215533970374e-05 0.000206079187539651 0.0399714737998513 5.45286494305304e-05 0.000319318050434163 0.0685640846478923
0.1383 5.23215533970374e-05 0.000206079187539651 0.0399714737998513 5.45040685960409e-05 0.00031938408698477 0.0685655955891646
0.1384 5.23215533970374e-05 0.000206079187539651 0.0399714737998513 5.45031668385915e-05 0.000319560246636373 0.06856978939557
0.1385 5.23215533970374e-05 0.000206079187539651 0.0399714737998513 5.45174459914329e-05 0.000319795029234183 0.0685773260327371
0.1386 4.39043987295229e-05 0.000212805254137217 0.0402784600814828 3.28292978405255e-05 0.000330802529349866 0.0691676395934699
0.1387 4.39043987295229e-05 0.000212805254137217 0.0402784600814828 3.28792550838423e-05 0.000330608879422093 0.0691713129407846
0.1388 4.39043987295229e-05 0.000212805254137217 0.0402784600814828 3.26681477224224e-05 0.000330458421897242 0.0691774034942897
0.1389 4.39043987295229e-05 0.000212805254137217 0.0402784600814828 3.2194303031959e-05 0.000330312907431821 0.0691857335203818
0.139 4.39043987295229e-05 0.000212805254137217 0.0402784600814828 3.12838083213084e-05 0.000330307654743885 0.0691965906151651
0.1391 1.94605067479225e-05 0.000130291149894479 0.0409302511972774 -6.15527622016451e-06 0.000196560419876447 0.0703243385132437
0.1392 1.94605067479225e-05 0.000130291149894479 0.0409302511972774 -6.6244000948546e-06 0.000198889236034951 0.0703202036749076
0.1393 1.94605067479225e-05 0.000130291149894479 0.0409302511972774 -7.11612602698691e-06 0.000200810345257361 0.0703182649459471
0.1394 1.94605067479225e-05 0.000130291149894479 0.0409302511972774 -7.57515052868252e-06 0.000202545294700665 0.0703182590232035
0.1395 1.94605067479225e-05 0.000130291149894479 0.0409302511972774 -8.19118458369409e-06 0.000204096272720889 0.0703199855507157
0.1396 1.77865654592398e-05 0.000164764997648606 0.0414674083412531 -6.43257376336585e-06 0.000259802980034729 0.0712079301386218
0.1397 1.77865654592398e-05 0.000164764997648606 0.0414674083412531 -7.27303828114374e-06 0.000260591314689925 0.0711971569526199
0.1398 1.77865654592398e-05 0.000164764997648606 0.0414674083412531 -7.83698319154407e-06 0.000261416565688562 0.0711886629465705
0.1399 1.77865654592398e-05 0.000164764997648606 0.0414674083412531 -7.98772758491665e-06 0.000262221618909252 0.071182545754567
0.14 1.77865654592398e-05 0.000164764997648606 0.0414674083412531 -7.73650781458435e-06 0.000262995810878105 0.0711787996796461
0.1401 6.47271935353949e-05 0.000353878604830422 0.0412052941017253 6.65845763712332e-05 0.000565719262740178 0.0707713747943159
0.1402 6.47271935353949e-05 0.000353878604830422 0.0412052941017253 6.62149521376928e-05 0.000560914334593746 0.0707794690046189
0.1403 6.47271935353949e-05 0.000353878604830422 0.0412052941017253 6.58666025971508e-05 0.000556354166477095 0.0707901083022631
0.1404 6.47271935353949e-05 0.000353878604830422 0.0412052941017253 6.53108724843266e-05 0.000552283401046477 0.0708028072212824
0.1405 6.47271935353949e-05 0.000353878604830422 0.0412052941017253 6.48744751809067e-05 0.00054866163040768 0.0708176720846985
0.1406 1.52098963617494e-05 0.000257591654497145 0.0417194072678255 -2.34750885447827e-05 0.000389152210077002 0.0717494142074489
0.1407 1.52098963617494e-05 0.000257591654497145 0.0417194072678255 -2.17291843980481e-05 0.000388773366181614 0.0717541846234893
0.1408 1.52098963617494e-05 0.000257591654497145 0.0417194072678255 -1.96104459442385e-05 0.000388141239734978 0.0717621107212675
0.1409 1.52098963617494e-05 0.000257591654497145 0.0417194072678255 -1.87270105374352e-05 0.000387211240511203 0.0717725465118951
0.141 1.52098963617494e-05 0.000257591654497145 0.0417194072678255 -1.85064168207663e-05 0.000386045593275288 0.0717848640126663
0.1411 -3.90808162634627e-05 4.55718475689036e-05 0.0427029391791681 -0.0001034150560877 4.6873573209848e-05 0.0733997673875981
0.1412 -3.90808162634627e-05 4.55718475689036e-05 0.0427029391791681 -0.000102008504951582 5.22378881523316e-05 0.0733868163971256
0.1413 -3.90808162634627e-05 4.55718475689036e-05 0.0427029391791681 -0.000100769737049347 5.78241975368945e-05 0.0733760205144068
0.1414 -3.90808162634627e-05 4.55718475689036e-05 0.0427029391791681 -9.98519269052494e-05 6.32832751541976e-05 0.0733670921372203
0.1415 -3.90808162634627e-05 4.55718475689036e-05 0.0427029391791681 -9.92037528783901e-05 6.85468012623299e-05 0.0733598440147334
0.1416 -5.35033449127443e-05 8.61878236818076e-05 0.0433971594305021 -0.000113175195242261 0.000140267264954118 0.0745015454824927
0.1417 -5.35033449127443e-05 8.61878236818076e-05 0.0433971594305021 -0.000112187758449693 0.000143608778343933 0.074477015811634
0.1418 -5.35033449127443e-05 8.61878236818076e-05 0.0433971594305021 -0.000111027029821227 0.000146614865491213 0.0744547675932012
0.1419 -5.35033449127443e-05 8.61878236818076e-05 0.0433971594305021 -0.000109562943703887 0.000149308520468051 0.0744348956101512
0.142 -5.35033449127443e-05 8.61878236818076e-05 0.0433971594305021 -0.000107719003373284 0.000151716580557085 0.0744175296361372
0.1421 -2.06059437876255e-05 0.000220298959938773 0.0431172105204961 -6.20335373254112e-05 0.00035383559104068 0.0739835200752656
0.1422 -2.06059437876255e-05 0.000220298959938773 0.0431172105204961 -6.036465691179e-05 0.000351995765179437 0.0739783679935487
0.1423 -2.06059437876255e-05 0.000220298959938773 0.0431172105204961 -5.85052147903318e-05 0.000349889555753176 0.0739759253721309
0.1424 -2.06059437876255e-05 0.000220298959938773 0.0431172105204961 -5.65801944524933e-05 0.000347684699035673 0.0739763164878295
0.1425 -2.06059437876255e-05 0.000220298959938773 0.0431172105204961 -5.47086143275434e-05 0.000345362087347942 0.0739794967995244
0.1426 2.1537531231147e-05 0.000232105339879072 0.0434433030836516 -9.49432434161634e-08 0.000350801280627966 0.0746292793183032
0.1427 2.1537531231147e-05 0.000232105339879072 0.0434433030836516 4.74182104822672e-07 0.000348289407841238 0.0746279295100286
0.1428 2.1537531231147e-05 0.000232105339879072 0.0434433030836516 7.34578951098634e-07 0.00034609318189367 0.074629664761782
0.1429 2.1537531231147e-05 0.000232105339879072 0.0434433030836516 6.84556069961598e-07 0.000344078258233137 0.0746343251667801
0.143 2.1537531231147e-05 0.000232105339879072 0.0434433030836516 2.53189380525949e-07 0.000342299554137817 0.0746416330428766
0.1431 2.33543820932948e-05 9.96009506938947e-05 0.0440896564629031 -1.22561248004604e-05 0.000123668206427248 0.0757575438027305
0.1432 2.33543820932948e-05 9.96009506938947e-05 0.0440896564629031 -1.31499662705115e-05 0.000126204485433305 0.0757501661550851
0.1433 2.33543820932948e-05 9.96009506938947e-05 0.0440896564629031 -1.42507251210722e-05 0.000128778196557459 0.0757452848960528
0.1434 2.33543820932948e-05 9.96009506938947e-05 0.0440896564629031 -1.55652498776385e-05 0.000131499200585713 0.0757426596864288
0.1435 2.33543820932948e-05 9.96009506938947e-05 0.0440896564629031 -1.69529396321352e-05 0.000134206975295319 0.0757417634937321
0.1436 1.35941870710661e-05 7.51944654175915e-05 0.0446914179488271 -2.77278936742854e-05 0.000102128519763827 0.0767817830180768
0.1437 1.35941870710661e-05 7.51944654175915e-05 0.0446914179488271 -2.89008121628222e-05 0.000105194250695012 0.0767659525121842
0.1438 1.35941870710661e-05 7.51944654175915e-05 0.0446914179488271 -2.99326261333701e-05 0.000108006812998278 0.0767526192705699
0.1439 1.35941870710661e-05 7.51944654175915e-05 0.0446914179488271 -3.06490336647422e-05 0.000110395781443253 0.076741722441144
0.144 1.35941870710661e-05 7.51944654175915e-05 0.0446914179488271 -3.10041883964634e-05 0.0001123737733307 0.0767331550565598
0.1441 7.80766382546923e-05 0.000152653593501983 0.0445437290755018 6.91755450032455e-05 0.000243665958660278 0.0764906255381539
0.1442 7.80766382546923e-05 0.000152653593501983 0.0445437290755018 6.7703392032538e-05 0.00024271348416515 0.0764908496524581
0.1443 7.80766382546923e-05 0.000152653593501983 0.0445437290755018 6.64753360582317e-05 0.000241611656249188 0.0764935192643089
0.1444 7.80766382546923e-05 0.000152653593501983 0.0445437290755018 6.53813069611574e-05 0.000240372011780199 0.0764988030803924
0.1445 7.80766382546923e-05 0.000152653593501983 0.0445437290755018 6.4416605340258e-05 0.000239099167231328 0.0765066667761633
0.1446 0.000129391544463333 0.00030797303365649 0.0447085110159301 0.000162616918383607 0.000469145407380654 0.076892368531794
0.1447 0.000129391544463333 0.00030797303365649 0.0447085110159301 0.000160193910209348 0.000463834845011553 0.0768993994733707
0.1448 0.000129391544463333 0.00030797303365649 0.0447085110159301 0.000157948717414535 0.000458735632377899 0.0769092514899453
0.1449 0.000129391544463333 0.00030797303365649 0.0447085110159301 0.000155879630023338 0.0004538234745318 0.0769218760061666
0.145 0.000129391544463333 0.00030797303365649 0.0447085110159301 0.000154002959714216 0.00044907988228437 0.0769369748257823
0.1451 6.28307261368688e-05 0.000128715633235593 0.0455095268186793 4.87944027946649e-05 0.000156340431554106 0.0782683273807548
0.1452 6.28307261368688e-05 0.000128715633235593 0.0455095268186793 4.88336046190678e-05 0.000157142217991337 0.0782648990188796
0.1453 6.28307261368688e-05 0.000128715633235593 0.0455095268186793 4.88881001123267e-05 0.000157990490207755 0.078264032051716
0.1454 6.28307261368688e-05 0.000128715633235593 0.0455095268186793 4.9074286974352e-05 0.000158874573855976 0.0782654712065995
0.1455 6.28307261368688e-05 0.000128715633235593 0.0455095268186793 4.93715436199514e-05 0.000159831421485684 0.0782688715750279
0.1456 -2.2350371285808e-05 2.48016613477793e-05 0.0462921588515786 -7.55001036750081e-05 1.82864566013231e-05 0.0795497160592486
0.1457 -2.2350371285808e-05 2.48016613477793e-05 0.0462921588515786 -7.276628083441e-05 2.20875184796235e-05 0.0795342004858783
0.1458 -2.2350371285808e-05 2.48016613477793e-05 0.0462921588515786 -6.98395566323536e-05 2.58435801833621e-05 0.0795211749687068
0.1459 -2.2350371285808e-05 2.48016613477793e-05 0.0462921588515786 -6.66591992582365e-05 2.9443715697704e-05 0.0795107209002972
0.146 -2.2350371285808e-05 2.48016613477793e-05 0.0462921588515786 -6.35193171864086e-05 3.31603041301158e-05 0.079502638627658
0.1461 3.49265222034843e-05 3.37174739542661e-05 0.0463575047015695 3.20876748586759e-05 5.17868579954708e-05 0.0796389301566368
0.1462 3.49265222034843e-05 3.37174739542661e-05 0.0463575047015695 3.33395314840293e-05 5.51537248864681e-05 0.0796336611400889
0.1463 3.49265222034843e-05 3.37174739542661e-05 0.0463575047015695 3.47933251713026e-05 5.85933551394074e-05 0.0796308488490399
0.1464 3.49265222034843e-05 3.37174739542661e-05 0.0463575047015695 3.64393444225408e-05 6.21716292690307e-05 0.0796304059024434
0.1465 3.49265222034843e-05 3.37174739542661e-05 0.0463575047015695 3.81813108868019e-05 6.5749534146298e-05 0.0796321775149646
0.1466 0.000305824548946607 9.75200058052775e-05 0.0460656640843174 0.000466360104141185 0.00014388135345872 0.079259476896627
0.1467 0.000305824548946607 9.75200058052775e-05 0.0460656640843174 0.000461429998346349 0.000145488811487437 0.0792728725289922
0.1468 0.000305824548946607 9.75200058052775e-05 0.0460656640843174 0.000457053831374027 0.000146547715960229 0.0792879046678037
0.1469 0.000305824548946607 9.75200058052775e-05 0.0460656640843174 0.000453038504828135 0.000147164439702823 0.0793042466241267
0.147 0.000305824548946607 9.75200058052775e-05 0.0460656640843174 0.000449287620972367 0.000147194919672671 0.0793220598388371
0.1471 0.000128727473440858 0.000113149491883941 0.0469081787615531 0.000160575327889385 0.000162550384760405 0.0807430151528097
0.1472 0.000128727473440858 0.000113149491883941 0.0469081787615531 0.000162006373084563 0.000161757012512769 0.0807386122370532
0.1473 0.000128727473440858 0.000113149491883941 0.0469081787615531 0.000163285239855216 0.000160884151334132 0.0807362537348042
0.1474 0.000128727473440858 0.000113149491883941 0.0469081787615531 0.000164373482080382 0.000159968676468046 0.080735794911205
0.1475 0.000128727473440858 0.000113149491883941 0.0469081787615531 0.000165315593975048 0.000159147785681411 0.0807371475361638
0.1476 -0.000114248795972885 7.78505117073631e-05 0.0477977463071741 -0.000206200677119884 9.92749276335943e-05 0.0821589186771918
0.1477 -0.000114248795972885 7.78505117073631e-05 0.0477977463071741 -0.000199719024446381 9.95106322985606e-05 0.0821386910045142
0.1478 -0.000114248795972885 7.78505117073631e-05 0.0477977463071741 -0.000193867641195113 9.95237635689145e-05 0.0821210969857883
0.1479 -0.000114248795972885 7.78505117073631e-05 0.0477977463071741 -0.000188434754612264 9.92860079795194e-05 0.0821062384304046
0.148 -0.000114248795972885 7.78505117073631e-05 0.0477977463071741 -0.000183279413636893 9.87956346457035e-05 0.0820940243630715
0.1481 0.000241374641750531 5.49014025645501e-05 0.047196609530227 0.000378016527771805 8.02648600487818e-05 0.0811518138747062
0.1482 0.000241374641750531 5.49014025645501e-05 0.047196609530227 0.000372796467769613 7.95073894711699e-05 0.0811619689946326
0.1483 0.000241374641750531 5.49014025645501e-05 0.047196609530227 0.000367576550146796 7.8592425486731e-05 0.0811736306666628
0.1484 0.000241374641750531 5.49014025645501e-05 0.047196609530227 0.000362658306408423 7.75438037754819e-05 0.0811868502080654
0.1485 0.000241374641750531 5.49014025645501e-05 0.047196609530227 0.000358213190796944 7.63957728957994e-05 0.0812015357978103
0.1486 0.000219885835565955 0.000161116624897832 0.0476244407166116 0.000308531781647016 0.000219070267836964 0.0820417767931287
0.1487 0.000219885835565955 0.000161116624897832 0.0476244407166116 0.000306305187872906 0.000214788508301686 0.0820454996898869
0.1488 0.000219885835565955 0.000161116624897832 0.0476244407166116 0.000304640855691258 0.000210296530337078 0.0820515813185507
0.1489 0.000219885835565955 0.000161116624897832 0.0476244407166116 0.000303163938394753 0.000205894726449418 0.0820601445727735
0.149 0.000219885835565955 0.000161116624897832 0.0476244407166116 0.000301595524319984 0.000201770715606976 0.0820705175456959
0.1491 2.99002230811881e-06 0.000128970842163569 0.0484848839731218 -4.72216179738671e-05 0.000155580876369092 0.0834496627817088
0.1492 2.99002230811881e-06 0.000128970842163569 0.0484848839731218 -4.31119569539077e-05 0.00015350009478735 0.0834379987130104
0.1493 2.99002230811881e-06 0.000128970842163569 0.0484848839731218 -3.94599082878189e-05 0.000151917107572919 0.0834279903042228
0.1494 2.99002230811881e-06 0.000128970842163569 0.0484848839731218 -3.63178887721681e-05 0.000150822387042557 0.0834195828213015
0.1495 2.99002230811881e-06 0.000128970842163569 0.0484848839731218 -3.36847971691118e-05 0.000150075787778851 0.0834125009617851
0.1496 -4.63110783400672e-05 0.000116036975761015 0.0493072215312652 -8.50845048252352e-05 0.000166115496574149 0.0847468497832612
0.1497 -4.63110783400672e-05 0.000116036975761015 0.0493072215312652 -8.24032842949139e-05 0.00016558909413334 0.0847186882560893
0.1498 -4.63110783400672e-05 0.000116036975761015 0.0493072215312652 -7.99009735502104e-05 0.000165182706228975 0.0846929245299716
0.1499 -4.63110783400672e-05 0.000116036975761015 0.0493072215312652 -7.73479461945721e-05 0.000164903736269297 0.0846698985196735
0.15 -4.63110783400672e-05 0.000116036975761015 0.0493072215312652 -7.47125533630522e-05 0.000164504239676496 0.0846494453860439
0.1501 0.00018517161361268 0.000335765206558735 0.0489221955003754 0.000298110436539453 0.000506608463907253 0.0840949709553657
0.1502 0.00018517161361268 0.000335765206558735 0.0489221955003754 0.000293877399148052 0.000499511651139223 0.0840910072757821
0.1503 0.00018517161361268 0.000335765206558735 0.0489221955003754 0.00028990807288146 0.000492866497182885 0.0840904601193735
0.1504 0.00018517161361268 0.000335765206558735 0.0489221955003754 0.00028615728891828 0.000486584929432282 0.0840928540638923
0.1505 0.00018517161361268 0.000335765206558735 0.0489221955003754 0.000282896085383634 0.00048092085234548 0.0840977972792332
0.1506 0.000242093994652432 0.000498332948774197 0.0489739748747868 0.000359609805251736 0.000754339659871209 0.0843058438027182
0.1507 0.000242093994652432 0.000498332948774197 0.0489739748747868 0.000355488711241 0.000745014222362834 0.0843121508373492
0.1508 0.000242093994652432 0.000498332948774197 0.0489739748747868 0.000351116272681961 0.000735636030163235 0.0843197158748654
0.1509 0.000242093994652432 0.000498332948774197 0.0489739748747868 0.000346423988850737 0.000726191388194636 0.0843293043810309
0.151 0.000242093994652432 0.000498332948774197 0.0489739748747868 0.000341401368254318 0.000717414749017517 0.084341049002416
0.1511 -3.84636764629722e-05 -6.05765811643872e-05 0.0504085307913523 -0.000109666788157459 -0.00016004491873358 0.0867289672400833
0.1512 -3.84636764629722e-05 -6.05765811643872e-05 0.0504085307913523 -0.000107212641776424 -0.00015104329105367 0.0867024062767397
0.1513 -3.84636764629722e-05 -6.05765811643872e-05 0.0504085307913523 -0.000105033412259631 -0.000141499700501619 0.0866790088448365
0.1514 -3.84636764629722e-05 -6.05765811643872e-05 0.0504085307913523 -0.000103159334882181 -0.000131560006230014 0.0866586974420966
0.1515 -3.84636764629722e-05 -6.05765811643872e-05 0.0504085307913523 -0.000101592295989537 -0.000121506705852154 0.0866413380052541
0.1516 -5.51872085689136e-05 -9.78639459602088e-05 0.0507589604941973 -0.000120899361020317 -0.000143829802315702 0.0872199599588472
0.1517 -5.51872085689136e-05 -9.78639459602088e-05 0.0507589604941973 -0.000119538429616964 -0.000133644899961454 0.0871979439214426
0.1518 -5.51872085689136e-05 -9.78639459602088e-05 0.0507589604941973 -0.00011841041922659 -0.000123865025910553 0.0871782990732752
0.1519 -5.51872085689136e-05 -9.78639459602088e-05 0.0507589604941973 -0.000117626940870417 -0.000114804231928472 0.0871609312174545
0.152 -5.51872085689136e-05 -9.78639459602088e-05 0.0507589604941973 -0.00011717417688463 -0.000106529947990526 0.0871459271810631
0.1521 0.000439028739388775 6.8688703771552e-05 0.0495731229588804 0.000677803966831802 0.000122424313768001 0.0853245995096919
0.1522 0.000439028739388775 6.8688703771552e-05 0.0495731229588804 0.000665028959838024 0.000125106505975449 0.0853469647714142
0.1523 0.000439028739388775 6.8688703771552e-05 0.0495731229588804 0.000652978088070444 0.000127464923413818 0.0853698112446881
0.1524 0.000439028739388775 6.8688703771552e-05 0.0495731229588804 0.000641682921345309 0.000129503745797791 0.0853932043641522
0.1525 0.000439028739388775 6.8688703771552e-05 0.0495731229588804 0.000631298147157288 0.000131502425753955 0.0854172368226835
0.1526 0.000342555737699075 0.000147313342567476 0.0504161637741079 0.000484763672959509 0.000218727385213479 0.0869550539868908
0.1527 0.000342555737699075 0.000147313342567476 0.0504161637741079 0.000478020063446674 0.000219975317807635 0.0869533592662683
0.1528 0.000342555737699075 0.000147313342567476 0.0504161637741079 0.000471927464289159 0.000221495179066932 0.086953093844829
0.1529 0.000342555737699075 0.000147313342567476 0.0504161637741079 0.000466540715725505 0.000223147182900233 0.0869540917025142
0.153 0.000342555737699075 0.000147313342567476 0.0504161637741079 0.000461740725125598 0.000224689130483119 0.0869564213557555
0.1531 -7.22137543468444e-05 0.00011884441288138 0.0518553270085564 -0.000173080119076418 0.000172791266120215 0.0892223398253257
0.1532 -7.22137543468444e-05 0.00011884441288138 0.0518553270085564 -0.000166776380399951 0.000175423076187602 0.089187443829743
0.1533 -7.22137543468444e-05 0.00011884441288138 0.0518553270085564 -0.000160821850523172 0.000177855930744778 0.0891556124712133
0.1534 -7.22137543468444e-05 0.00011884441288138 0.0518553270085564 -0.000155079006006533 0.00017989619111376 0.0891265326169401
0.1535 -7.22137543468444e-05 0.00011884441288138 0.0518553270085564 -0.00014951693419554 0.000181528237245669 0.0890999762667881
0.1536 -0.000119414649671949 0.00011508375592852 0.0522586894590037 -0.000196943522772594 0.000170524532669252 0.0897589265735093
0.1537 -0.000119414649671949 0.00011508375592852 0.0522586894590037 -0.000191409701272773 0.000171562026355541 0.0897260983493272
0.1538 -0.000119414649671949 0.00011508375592852 0.0522586894590037 -0.000186199367507426 0.000172317260381402 0.0896962830683705
0.1539 -0.000119414649671949 0.00011508375592852 0.0522586894590037 -0.000181088278364123 0.000172776581566779 0.0896696338269609
0.154 -0.000119414649671949 0.00011508375592852 0.0522586894590037 -0.000176074805433041 0.000172720196068016 0.0896462346884392
0.1541 0.000235261134059481 8.37006768096581e-05 0.0511236254604457 0.000373727357868739 0.000108764947652549 0.087968016642982
0.1542 0.000235261134059481 8.37006768096581e-05 0.0511236254604457 0.000369127224341698 0.000108975351287921 0.0879822706689519
0.1543 0.000235261134059481 8.37006768096581e-05 0.0511236254604457 0.000364877059803342 0.000109113145835191 0.0879986385574921
0.1544 0.000235261134059481 8.37006768096581e-05 0.0511236254604457 0.000361138578443824 0.00010913033935349 0.0880171190486854
0.1545 0.000235261134059481 8.37006768096581e-05 0.0511236254604457 0.000357935640327185 0.000109128717680218 0.0880373675521706
0.1546 0.000639674107812831 4.76117727274892e-05 0.0509578287455007 0.000954796379875833 4.50512713418243e-05 0.0879495973820718
0.1547 0.000639674107812831 4.76117727274892e-05 0.0509578287455007 0.000942800685110744 4.6024450903508e-05 0.087974893968788
0.1548 0.000639674107812831 4.76117727274892e-05 0.0509578287455007 0.000931543743284403 4.66587538071654e-05 0.0880009094671788
0.1549 0.000639674107812831 4.76117727274892e-05 0.0509578287455007 0.000921001110173206 4.67736403207616e-05 0.0880282550399254
0.155 0.000639674107812831 4.76117727274892e-05 0.0509578287455007 0.000911197750944432 4.66391826361774e-05 0.088056308865139
0.1551 -2.37280273776271e-06 0.000173525886676515 0.053238018818138 -7.15543441149034e-05 0.000250527176239415 0.0917667300419405
0.1552 -2.37280273776271e-06 0.000173525886676515 0.053238018818138 -6.46588501261495e-05 0.000247909809994982 0.0917276484175369
0.1553 -2.37280273776271e-06 0.000173525886676515 0.053238018818138 -5.83200634384346e-05 0.000245326155742646 0.0916911869644627
0.1554 -2.37280273776271e-06 0.000173525886676515 0.053238018818138 -5.27027009956526e-05 0.000242940934225719 0.0916574903358555
0.1555 -2.37280273776271e-06 0.000173525886676515 0.053238018818138 -4.75754940193275e-05 0.000240986584186416 0.0916264095370092
0.1556 -0.000234270952282298 0.000197052375073026 0.0536391165918641 -0.000380330253037308 0.00029076974920038 0.0921337264889577
0.1557 -0.000234270952282298 0.000197052375073026 0.0536391165918641 -0.000370897595368242 0.000289100449764224 0.0920988398429383
0.1558 -0.000234270952282298 0.000197052375073026 0.0536391165918641 -0.000362029961947137 0.000287821937592831 0.0920667534761228
0.1559 -0.000234270952282298 0.000197052375073026 0.0536391165918641 -0.000353580051217024 0.000286654813913884 0.0920374320684574
0.156 -0.000234270952282298 0.000197052375073026 0.0536391165918641 -0.000345594537158688 0.000285089505603186 0.0920109604494341
0.1561 0.000386380107702226 0.000131425075295926 0.051928130028094 0.000605996972311241 0.000204655182863584 0.0894169654864371
0.1562 0.000386380107702226 0.000131425075295926 0.051928130028094 0.000597603607149166 0.00020314216088423 0.08944433610047
0.1563 0.000386380107702226 0.000131425075295926 0.051928130028094 0.00058990169458317 0.000201426919211515 0.0894727656157034
0.1564 0.000386380107702226 0.000131425075295926 0.051928130028094 0.000582574084069387 0.000199511602765506 0.0895020677915952
0.1565 0.000386380107702226 0.000131425075295926 0.051928130028094 0.000575633002873426 0.00019746285373059 0.0895322786152998
0.1566 0.000288652635451063 0.000134172746469853 0.0527286480566314 0.000390401984186365 0.000188558956951623 0.0910541130795204
0.1567 0.000288652635451063 0.000134172746469853 0.0527286480566314 0.000387678278237288 0.000186773299590582 0.0910583448007357
0.1568 0.000288652635451063 0.000134172746469853 0.0527286480566314 0.000385366241643821 0.000185396256349736 0.0910639775554371
0.1569 0.000288652635451063 0.000134172746469853 0.0527286480566314 0.000383690994634463 0.000184309222593406 0.0910708655054216
0.157 0.000288652635451063 0.000134172746469853 0.0527286480566314 0.000382584594186928 0.000183696506768701 0.0910790533372821
0.1571 -0.000132943466767326 9.71877630956856e-05 0.0541321625971281 -0.000265043005438876 0.00012812327690904 0.0932525718553985
0.1572 -0.000132943466767326 9.71877630956856e-05 0.0541321625971281 -0.00025452835882228 0.000129877230776841 0.0932245065657926
0.1573 -0.000132943466767326 9.71877630956856e-05 0.0541321625971281 -0.00024421764593257 0.000131759453619193 0.0931986426058332
0.1574 -0.000132943466767326 9.71877630956856e-05 0.0541321625971281 -0.000234672288575941 0.000133646846598928 0.0931744769483323
0.1575 -0.000132943466767326 9.71877630956856e-05 0.0541321625971281 -0.000226255811328621 0.000135551391249951 0.0931520217365495
0.1576 -0.000149252350278641 0.000183366851332274 0.0549537214685344 -0.000227100841182909 0.00029088660378045 0.0944696352465291
0.1577 -0.000149252350278641 0.000183366851332274 0.0549537214685344 -0.000220189579048868 0.000290347018731804 0.0944270198778646
0.1578 -0.000149252350278641 0.000183366851332274 0.0549537214685344 -0.000214113230071994 0.000289807819309098 0.0943869010633017
0.1579 -0.000149252350278641 0.000183366851332274 0.0549537214685344 -0.000208622854246337 0.000289549571643691 0.0943492346610299
0.158 -0.000149252350278641 0.000183366851332274 0.0549537214685344 -0.000203431630428804 0.000289600558742296 0.0943144301392135
0.1581 0.000165135961389201 0.00022066359848793 0.0542719980016974 0.000263526111265112 0.000361148265794491 0.0932980697597094
0.1582 0.000165135961389201 0.00022066359848793 0.0542719980016974 0.00026075863086239 0.000360163830830887 0.0932886160595118
0.1583 0.000165135961389201 0.00022066359848793 0.0542719980016974 0.000257946387125667 0.000359146186018363 0.0932807451099405
0.1584 0.000165135961389201 0.00022066359848793 0.0542719980016974 0.000254860893898153 0.000358316256469977 0.0932752054173738
0.1585 0.000165135961389201 0.00022066359848793 0.0542719980016974 0.000251888124728933 0.000357700064491649 0.0932718759438304
0.1586 0.000986129708005853 0.000207045676322107 0.0531320636659204 0.00153530239794555 0.000325551100545717 0.09166436691126
0.1587 0.000986129708005853 0.000207045676322107 0.0531320636659204 0.00151165639768658 0.00032504930970592 0.0916951681206906
0.1588 0.000986129708005853 0.000207045676322107 0.0531320636659204 0.0014892421686117 0.000324429822556865 0.0917266569392413
0.1589 0.000986129708005853 0.000207045676322107 0.0531320636659204 0.00146849303936586 0.000323518711702225 0.0917588844877257
0.159 0.000986129708005853 0.000207045676322107 0.0531320636659204 0.00144935604401814 0.000322548256120719 0.0917911736486247
0.1591 0.000222747464925167 0.000154772704348882 0.0547189084628438 0.000246752609655632 0.000227720196678931 0.0944630985101491
0.1592 0.000222747464925167 0.000154772704348882 0.0547189084628438 0.000249795482012109 0.000228696236405721 0.0944473462142187
0.1593 0.000222747464925167 0.000154772704348882 0.0547189084628438 0.000252954883178204 0.000229651927005069 0.0944333675194098
0.1594 0.000222747464925167 0.000154772704348882 0.0547189084628438 0.000256007263946688 0.00023087125095106 0.094420912321965
0.1595 0.000222747464925167 0.000154772704348882 0.0547189084628438 0.000258969155239148 0.000232446457050178 0.094409932688949
0.1596 -0.000399520848846652 0.000225733709986204 0.0560878121734635 -0.000650855090167331 0.000371778066390057 0.0964847419618606
0.1597 -0.000399520848846652 0.000225733709986204 0.0560878121734635 -0.000633917413119756 0.000372385118931411 0.0964390825711493
0.1598 -0.000399520848846652 0.000225733709986204 0.0560878121734635 -0.000618133202723077 0.000373717876327215 0.096395905915959
0.1599 -0.000399520848846652 0.000225733709986204 0.0560878121734635 -0.000603509918535597 0.000375538829965227 0.0963550802849948
0.16 -0.000399520848846652 0.000225733709986204 0.0560878121734635 -0.000589819686242266 0.000377620980309201 0.0963165110497204
0.1601 -0.000226352594492133 0.00016700223421741 0.0559895742830088 -0.000335340446062202 0.000273786902341191 0.0962675461097224
0.1602 -0.000226352594492133 0.00016700223421741 0.0559895742830088 -0.000326981832612646 0.000278241205158215 0.0962346391809662
0.1603 -0.000226352594492133 0.00016700223421741 0.0559895742830088 -0.000318601251049173 0.000282793498215304 0.096204336966719
0.1604 -0.000226352594492133 0.00016700223421741 0.0559895742830088 -0.000310194920497512 0.000287474645268191 0.0961763788745536
0.1605 -0.000226352594492133 0.00016700223421741 0.0559895742830088 -0.000301743418635983 0.000292304159296469 0.0961503234598677
0.1606 0.000464064495021798 0.000154067392823138 0.0544424175859299 0.000695752079656753 0.000260005520059487 0.0938140296218828
0.1607 0.000464064495021798 0.000154067392823138 0.0544424175859299 0.000687812361749327 0.00026423242301829 0.0938343317552602
0.1608 0.000464064495021798 0.000154067392823138 0.0544424175859299 0.000680238444586761 0.0002680091688092 0.0938551269475121
0.1609 0.000464064495021798 0.000154067392823138 0.0544424175859299 0.000673052558073372 0.00027142731735385 0.0938763411678424
0.161 0.000464064495021798 0.000154067392823138 0.0544424175859299 0.000666363740220182 0.00027428216098305 0.0938979445822874
0.1611 0.000532376908775959 0.00026077115826233 0.0545496321205798 0.000798022306707161 0.000425683808966855 0.0942572782823134
0.1612 0.000532376908775959 0.00026077115826233 0.0545496321205798 0.000790038764440881 0.000425659453765796 0.0942732064228064
0.1613 0.000532376908775959 0.00026077115826233 0.0545496321205798 0.00078248862863349 0.000425704500716759 0.0942890351866128
0.1614 0.000532376908775959 0.00026077115826233 0.0545496321205798 0.000775081433777944 0.000425750457194967 0.0943048018370767
0.1615 0.000532376908775959 0.00026077115826233 0.0545496321205798 0.000767643827711762 0.00042551429308503 0.0943204225420697
0.1616 -0.000160891535250027 0.000206857792164804 0.0563891069585157 -0.000304624995069049 0.000337929876304895 0.0972367779899105
0.1617 -0.000160891535250027 0.000206857792164804 0.0563891069585157 -0.000294865510927929 0.000339210734907433 0.0971995768053694
0.1618 -0.000160891535250027 0.000206857792164804 0.0563891069585157 -0.00028596069917211 0.000340185550787416 0.0971642666838174
0.1619 -0.000160891535250027 0.000206857792164804 0.0563891069585157 -0.000277662243621039 0.000340763278535091 0.0971308768664613
0.162 -0.000160891535250027 0.000206857792164804 0.0563891069585157 -0.000269724586581613 0.000341143593384459 0.0970992552121242
0.1621 -0.000342188439876964 8.86562077152493e-05 0.0572095172589959 -0.000550391729904216 0.000140962354280905 0.0983986714374292
0.1622 -0.000342188439876964 8.86562077152493e-05 0.0572095172589959 -0.00053833929630515 0.000145181673269087 0.0983465461695846
0.1623 -0.000342188439876964 8.86562077152493e-05 0.0572095172589959 -0.000526532745644705 0.000149558203504914 0.0982966473804475
0.1624 -0.000342188439876964 8.86562077152493e-05 0.0572095172589959 -0.000514828495923938 0.000153925055108277 0.098249069222604
0.1625 -0.000342188439876964 8.86562077152493e-05 0.0572095172589959 -0.00050344475904734 0.000157965994783531 0.0982038503620779
0.1626 0.000296244919393522 0.000402132140266184 0.0553564907247711 0.000468965475364225 0.000661302186579981 0.0953408008565353
0.1627 0.000296244919393522 0.000402132140266184 0.0553564907247711 0.000463225717833772 0.000654790233862591 0.0953523841916104
0.1628 0.000296244919393522 0.000402132140266184 0.0553564907247711 0.000457780945650544 0.000647917357429281 0.095364100971663
0.1629 0.000296244919393522 0.000402132140266184 0.0553564907247711 0.000452506095446189 0.000641044709689658 0.0953758169411003
0.163 0.000296244919393522 0.000402132140266184 0.0553564907247711 0.000447159035024367 0.00063434998650955 0.0953871291235496
0.1631 0.000638459787349352 0.000658000047283892 0.0531536341293753 0.000949623982020584 0.00107573065059875 0.0919988811089466
0.1632 0.000638459787349352 0.000658000047283892 0.0531536341293753 0.000937092858022457 0.00106018023631798 0.0920681634806261
0.1633 0.000638459787349352 0.000658000047283892 0.0531536341293753 0.00092547935938489 0.00104449654732502 0.0921346963991321
0.1634 0.000638459787349352 0.000658000047283892 0.0531536341293753 0.000914959976183441 0.00102894480358388 0.0921986031837075
0.1635 0.000638459787349352 0.000658000047283892 0.0531536341293753 0.000905362289381286 0.00101324689684957 0.0922598651736712
0.1636 -0.000299419016957951 0.000135516756031256 0.0563602930059058 -0.000545780555123081 0.000147903883694484 0.0975656302492375
0.1637 -0.000299419016957951 0.000135516756031256 0.0563602930059058 -0.000531358637605144 0.000148259917371384 0.097528276907254
0.1638 -0.000299419016957951 0.000135516756031256 0.0563602930059058 -0.000517559003115201 0.000149043136331295 0.0974926676153325
0.1639 -0.000299419016957951 0.000135516756031256 0.0563602930059058 -0.000504616853825194 0.00014997215602279 0.0974582960676707
0.164 -0.000299419016957951 0.000135516756031256 0.0563602930059058 -0.000492434677297128 0.000151050326568669 0.0974250395932711
0.1641 -0.000468452463014155 -1.11368550766674e-05 0.0585648159424203 -0.00073240396782383 -1.88393280206027e-05 0.100716306836816
0.1642 -0.000468452463014155 -1.11368550766674e-05 0.0585648159424203 -0.000718088561861678 -1.35266067996948e-05 0.100627153765799
0.1643 -0.000468452463014155 -1.11368550766674e-05 0.0585648159424203 -0.000704933762688085 -7.95343514393759e-06 0.100541396759804
0.1644 -0.000468452463014155 -1.11368550766674e-05 0.0585648159424203 -0.000692613021981685 -2.24041757443518e-06 0.100458847509573
0.1645 -0.000468452463014155 -1.11368550766674e-05 0.0585648159424203 -0.000681300156811799 3.45088218845696e-06 0.10037960729817
0.1646 -0.000126011508551474 6.06896408121881e-05 0.0579031331966642 -0.000205314666240209 0.000132356336290394 0.0994253489321453
0.1647 -0.000126011508551474 6.06896408121881e-05 0.0579031331966642 -0.000202925335209525 0.000135981232268151 0.099367953056423
0.1648 -0.000126011508551474 6.06896408121881e-05 0.0579031331966642 -0.000200945674381669 0.000139715351351606 0.099312281171252
0.1649 -0.000126011508551474 6.06896408121881e-05 0.0579031331966642 -0.000199222449400023 0.000143389504732867 0.0992587000430162
0.165 -0.000126011508551474 6.06896408121881e-05 0.0579031331966642 -0.000197539514024155 0.00014711698741529 0.0992070657081457
0.1651 0.000249881208162797 0.000117433902131229 0.0560864415515727 0.000361250848876924 0.00022779192675451 0.0965532794002699
0.1652 0.000249881208162797 0.000117433902131229 0.0560864415515727 0.000352975213296407 0.000228672484984695 0.0965512311719315
0.1653 0.000249881208162797 0.000117433902131229 0.0560864415515727 0.000344881488959374 0.000228842957923785 0.0965488525576714
0.1654 0.000249881208162797 0.000117433902131229 0.0560864415515727 0.000337177188470045 0.00022857883237097 0.0965468194289737
0.1655 0.000249881208162797 0.000117433902131229 0.0560864415515727 0.000329575344978395 0.000227570430202077 0.0965446977520811
0.1656 0.000227791397092969 0.000204638374093657 0.0557098111385835 0.000276117074647216 0.000354273448699942 0.096141626278821
0.1657 0.000227791397092969 0.000204638374093657 0.0557098111385835 0.00026977586732294 0.000349549529453019 0.0961453172828466
0.1658 0.000227791397092969 0.000204638374093657 0.0557098111385835 0.00026365223082101 0.000344483596618248 0.0961484430052121
0.1659 0.000227791397092969 0.000204638374093657 0.0557098111385835 0.000257579352269499 0.000339235197329924 0.0961508960844197
0.166 0.000227791397092969 0.000204638374093657 0.0557098111385835 0.000251756710825909 0.000334097738106526 0.0961526691239532
0.1661 -5.96284528970177e-05 0.000319811336347453 0.0569959814152618 -0.000142705462116682 0.00049470761989494 0.0983192532653203
0.1662 -5.96284528970177e-05 0.000319811336347453 0.0569959814152618 -0.000141721580392165 0.000488214953103554 0.0982818609014845
0.1663 -5.96284528970177e-05 0.000319811336347453 0.0569959814152618 -0.00014075962876634 0.000482684838805248 0.0982455426058927
0.1664 -5.96284528970177e-05 0.000319811336347453 0.0569959814152618 -0.000140064088741874 0.000477956003947457 0.0982102023993368
0.1665 -5.96284528970177e-05 0.000319811336347453 0.0569959814152618 -0.000139541482112952 0.000473645726458357 0.0981760447624541
0.1666 -0.00012996384081339 0.000160672407124947 0.0573000990065995 -0.000243203488604812 0.00026013938782127 0.098652588133369
0.1667 -0.00012996384081339 0.000160672407124947 0.0573000990065995 -0.000241402070661625 0.000259880069690233 0.0986121682331942
0.1668 -0.00012996384081339 0.000160672407124947 0.0573000990065995 -0.000239616127795074 0.000259463393694482 0.0985731072511311
0.1669 -0.00012996384081339 0.000160672407124947 0.0573000990065995 -0.00023784143559376 0.000258975568379261 0.0985354639655467
0.167 -0.00012996384081339 0.000160672407124947 0.0573000990065995 -0.000236015522966234 0.000258385115544842 0.0984991225480218
0.1671 0.000225698618788866 -8.40942675474027e-05 0.0553306375525051 0.000319948089069395 -9.91799428878091e-05 0.0954485930831838
0.1672 0.000225698618788866 -8.40942675474027e-05 0.0553306375525051 0.000313351093774368 -9.47165983415398e-05 0.0954700907798458
0.1673 0.000225698618788866 -8.40942675474027e-05 0.0553306375525051 0.000307265350660644 -9.10873674911544e-05 0.0954908077424106
0.1674 0.000225698618788866 -8.40942675474027e-05 0.0553306375525051 0.000301525273987716 -8.79763484070028e-05 0.0955106945727232
0.1675 0.000225698618788866 -8.40942675474027e-05 0.0553306375525051 0.000295765238246364 -8.53902642360775e-05 0.0955295187830489
0.1676 0.00078320038277426 -1.37919911842119e-05 0.0541595940509733 0.00120297033389473 -2.63849028003187e-05 0.093860429197646
0.1677 0.00078320038277426 -1.37919911842119e-05 0.0541595940509733 0.00118225468020095 -2.68643081318552e-05 0.093906379032493
0.1678 0.00078320038277426 -1.37919911842119e-05 0.0541595940509733 0.00116231634884756 -2.78256815213224e-05 0.093949522828621
0.1679 0.00078320038277426 -1.37919911842119e-05 0.0541595940509733 0.00114302688641269 -2.9011729549204e-05 0.0939902692874141
0.168 0.00078320038277426 -1.37919911842119e-05 0.0541595940509733 0.00112434144708028 -3.03235999431901e-05 0.0940292002030928
0.1681 9.99537415098108e-05 0.000603314601306695 0.0581823537751909 6.90552599158439e-05 0.00098926887423967 0.100472751328174
0.1682 9.99537415098108e-05 0.000603314601306695 0.0581823537751909 6.80241234460655e-05 0.000971193882162902 0.100390152658411
0.1683 9.99537415098108e-05 0.000603314601306695 0.0581823537751909 6.70637084938731e-05 0.00095330986653619 0.10031040009857
0.1684 9.99537415098108e-05 0.000603314601306695 0.0581823537751909 6.60149836608067e-05 0.000935593102562995 0.100233733390111
0.1685 9.99537415098108e-05 0.000603314601306695 0.0581823537751909 6.49106388560831e-05 0.000918229929487156 0.100160162759105
0.1686 -0.000332529752712677 0.000427030034292155 0.059974726970789 -0.000556508160398418 0.000649691240567457 0.102788638944634
0.1687 -0.000332529752712677 0.000427030034292155 0.059974726970789 -0.000547855491713372 0.000639660713048294 0.102674223176546
0.1688 -0.000332529752712677 0.000427030034292155 0.059974726970789 -0.00053966175414014 0.000630715973400157 0.102564726275264
0.1689 -0.000332529752712677 0.000427030034292155 0.059974726970789 -0.000531914849695568 0.000622680998754475 0.102460247146525
0.169 -0.000332529752712677 0.000427030034292155 0.059974726970789 -0.000524278030864687 0.000615317692596294 0.102360877247774
0.1691 -0.000532790446588008 -0.000553786748399777 0.0580437630400784 -0.000878874571369206 -0.00088503437839521 0.0995726558032483
0.1692 -0.000532790446588008 -0.000553786748399777 0.0580437630400784 -0.000863510159100825 -0.000865176984091585 0.0995290836141108
0.1693 -0.000532790446588008 -0.000553786748399777 0.0580437630400784 -0.000847750266153497 -0.000845372065899355 0.0994870236408606
0.1694 -0.000532790446588008 -0.000553786748399777 0.0580437630400784 -0.000831846225451339 -0.000825562633632397 0.0994462716082563
0.1695 -0.000532790446588008 -0.000553786748399777 0.0580437630400784 -0.000816122753994477 -0.000805826144818977 0.0994069233593949
0.1696 -0.000337091727910809 -6.25773850850913e-06 0.0556735929291542 -0.000489672925586033 6.5838149138252e-05 0.0960577014766777
0.1697 -0.000337091727910809 -6.25773850850913e-06 0.0556735929291542 -0.000481551623245774 6.82558493628812e-05 0.0960821901850058
0.1698 -0.000337091727910809 -6.25773850850913e-06 0.0556735929291542 -0.000474410799203696 7.00526319926876e-05 0.096105117089842
0.1699 -0.000337091727910809 -6.25773850850913e-06 0.0556735929291542 -0.000468523302014479 7.11959722623012e-05 0.0961259125065053
0.17 -0.000337091727910809 -6.25773850850913e-06 0.0556735929291542 -0.000463779476358314 7.17045876006843e-05 0.09614430858951
0.1701 -0.00010465536965681 0.000600847331584675 0.0570387025716568 -0.000229340740408113 0.000987400323224168 0.0985837762407125
0.1702 -0.00010465536965681 0.000600847331584675 0.0570387025716568 -0.000229972573971537 0.000971960532579214 0.0985509780251894
0.1703 -0.00010465536965681 0.000600847331584675 0.0570387025716568 -0.000230808809464609 0.000957182324582724 0.0985181355473581
0.1704 -0.00010465536965681 0.000600847331584675 0.0570387025716568 -0.000231685783245541 0.00094306611925198 0.0984854889546529
0.1705 -0.00010465536965681 0.000600847331584675 0.0570387025716568 -0.000232436189286566 0.000929116097972176 0.0984532572594026
0.1706 4.54485286280897e-05 0.000363202320761114 0.0591426099670598 -1.72655352149613e-05 0.000557338353763244 0.101670957886971
0.1707 4.54485286280897e-05 0.000363202320761114 0.0591426099670598 -2.07234110557883e-05 0.000550365231657614 0.101582880392741
0.1708 4.54485286280897e-05 0.000363202320761114 0.0591426099670598 -2.34745738358366e-05 0.000543490472007082 0.101498551448358
0.1709 4.54485286280897e-05 0.000363202320761114 0.0591426099670598 -2.55397754495431e-05 0.000536731954105925 0.101418081834106
0.171 4.54485286280897e-05 0.000363202320761114 0.0591426099670598 -2.75556746341139e-05 0.00052971862035311 0.10134071136436
0.1711 4.72181211383989e-05 4.89584047658955e-05 0.0581262301964394 2.87628254305187e-05 0.00011055223339438 0.0998703234227795
0.1712 4.72181211383989e-05 4.89584047658955e-05 0.0581262301964394 2.62067077318498e-05 0.000110228668951083 0.0998277235952566
0.1713 4.72181211383989e-05 4.89584047658955e-05 0.0581262301964394 2.38423609885995e-05 0.000109854555845889 0.0997872625105697
0.1714 4.72181211383989e-05 4.89584047658955e-05 0.0581262301964394 2.13232419059192e-05 0.00010941291084913 0.0997480030980285
0.1715 4.72181211383989e-05 4.89584047658955e-05 0.0581262301964394 1.84794452425939e-05 0.000108931791121924 0.0997093065963367
0.1716 0.000285127922417046 0.000385011697223228 0.0576537095816427 0.000428539071031318 0.000668920436104354 0.0992818437688465
0.1717 0.000285127922417046 0.000385011697223228 0.0576537095816427 0.000418531428400775 0.00065868062892491 0.0992496851696048
0.1718 0.000285127922417046 0.000385011697223228 0.0576537095816427 0.000409119018984922 0.000648941776691963 0.0992172563865722
0.1719 0.000285127922417046 0.000385011697223228 0.0576537095816427 0.000400058207728975 0.000639754025792406 0.0991844993889997
0.172 0.000285127922417046 0.000385011697223228 0.0576537095816427 0.000390765437483951 0.000631106461166606 0.0991519511209364
0.1721 -7.01955610428907e-05 0.00145637643698948 0.0567916182274693 -0.000209488375868935 0.0024593084084671 0.0978089301965332
0.1722 -7.01955610428907e-05 0.00145637643698948 0.0567916182274693 -0.000208080682673836 0.00241875585709785 0.0977953954047014
0.1723 -7.01955610428907e-05 0.00145637643698948 0.0567916182274693 -0.00020640639317293 0.00237890516454704 0.097781903578554
0.1724 -7.01955610428907e-05 0.00145637643698948 0.0567916182274693 -0.000204140343626336 0.00233969571204337 0.09776865038834
0.1725 -7.01955610428907e-05 0.00145637643698948 0.0567916182274693 -0.000200792530482841 0.00230188174134552 0.0977563516866337
0.1726 -6.26332000102525e-05 0.0001673480087349 0.0581032957187583 -0.000125033762980113 0.000159318265736697 0.100247547273544
0.1727 -6.26332000102525e-05 0.0001673480087349 0.0581032957187583 -0.000123499083344512 0.00016125062943404 0.100196091341614
0.1728 -6.26332000102525e-05 0.0001673480087349 0.0581032957187583 -0.000122413937372355 0.000164370113741902 0.100147281686939
0.1729 -6.26332000102525e-05 0.0001673480087349 0.0581032957187583 -0.000121801631157277 0.000168780488809687 0.100100572009329
0.173 -6.26332000102525e-05 0.0001673480087349 0.0581032957187583 -0.000121952976724337 0.000174585006840607 0.100055609472592
0.1731 -4.88383812678689e-05 -0.000474650437159193 0.0589992465168959 -9.47749562921889e-05 -0.000730918733148469 0.101539356087402
0.1732 -4.88383812678689e-05 -0.000474650437159193 0.0589992465168959 -9.5999944383399e-05 -0.000707044131704811 0.101473224481628
0.1733 -4.88383812678689e-05 -0.000474650437159193 0.0589992465168959 -9.7472779559753e-05 -0.000682911487033468 0.101408987066562
0.1734 -4.88383812678689e-05 -0.000474650437159193 0.0589992465168959 -9.91426326784602e-05 -0.000658781187465201 0.101346375280833
0.1735 -4.88383812678689e-05 -0.000474650437159193 0.0589992465168959 -0.000100896061290104 -0.000634854049241901 0.101285338502231
0.1736 -0.000595085615372143 0.000410006621847754 0.0579627225774847 -0.00103937565486485 0.000851789098997459 0.0994961771704574
0.1737 -0.000595085615372143 0.000410006621847754 0.0579627225774847 -0.00102404073642364 0.000849523161784807 0.0994641290333717
0.1738 -0.000595085615372143 0.000410006621847754 0.0579627225774847 -0.00100846432961315 0.000846185017153307 0.0994324099883192
0.1739 -0.000595085615372143 0.000410006621847754 0.0579627225774847 -0.00099266885106142 0.00084168242969599 0.09940166225665
0.174 -0.000595085615372143 0.000410006621847754 0.0579627225774847 -0.000977193671947827 0.000836722010085458 0.0993721902965904
0.1741 -7.37076795159857e-05 0.00104920685765837 0.0560446839259208 -0.000106151843076672 0.00175682270289159 0.0966420499113314
0.1742 -7.37076795159857e-05 0.00104920685765837 0.0560446839259208 -0.000108541156961392 0.00173424049445916 0.0966628613101754
0.1743 -7.37076795159857e-05 0.00104920685765837 0.0560446839259208 -0.000111244617321496 0.00171265319127552 0.0966820815921283
0.1744 -7.37076795159857e-05 0.00104920685765837 0.0560446839259208 -0.000114245662068021 0.00169211261793901 0.0966994577140957
0.1745 -7.37076795159857e-05 0.00104920685765837 0.0560446839259208 -0.000117996403276496 0.00167247591851259 0.0967155810455331
0.1746 0.000247997677325909 -4.99980661319473e-05 0.0559177761292885 0.000298280127735109 -0.00010239358435389 0.0969851194491318
0.1747 0.000247997677325909 -4.99980661319473e-05 0.0559177761292885 0.000287819016513944 -8.77213343944695e-05 0.097000870833209
0.1748 0.000247997677325909 -4.99980661319473e-05 0.0559177761292885 0.000277689717182476 -7.16780079232608e-05 0.0970154595919242
0.1749 0.000247997677325909 -4.99980661319473e-05 0.0559177761292885 0.000267518184056172 -5.4322345673756e-05 0.0970289566105319
0.175 0.000247997677325909 -4.99980661319473e-05 0.0559177761292885 0.000257366533013459 -3.58917662867506e-05 0.0970416198793998
0.1751 0.000213876857153647 -0.000580067988419014 0.0578281046618784 0.000257153091732871 -0.000834648943053277 0.100181508445172
0.1752 0.000213876857153647 -0.000580067988419014 0.0578281046618784 0.000248336476426024 -0.000801241462587896 0.100138256859797
0.1753 0.000213876857153647 -0.000580067988419014 0.0578281046618784 0.000240725451667203 -0.000768621821565977 0.100095395963343
0.1754 0.000213876857153647 -0.000580067988419014 0.0578281046618784 0.00023425095806082 -0.000737009856508562 0.100053172014323
0.1755 0.000213876857153647 -0.000580067988419014 0.0578281046618784 0.000228696452156807 -0.000706638648861426 0.100011775565142
0.1756 3.43715094810524e-05 -0.000113220722009051 0.0613341379510739 -1.61681304832801e-05 -4.69685034585418e-06 0.105550041578231
0.1757 3.43715094810524e-05 -0.000113220722009051 0.0613341379510739 -1.71139428552474e-05 1.15091401919531e-05 0.105406509697843
0.1758 3.43715094810524e-05 -0.000113220722009051 0.0613341379510739 -1.80578831701727e-05 2.60001940333765e-05 0.105267297222593
0.1759 3.43715094810524e-05 -0.000113220722009051 0.0613341379510739 -1.91195149493773e-05 3.88331034086694e-05 0.105132615372077
0.176 3.43715094810524e-05 -0.000113220722009051 0.0613341379510739 -2.04283036579044e-05 4.9838308435035e-05 0.105001952398612
0.1761 0.000776572021946889 0.000150431641688867 0.0598496099970681 0.00118738322387453 0.000411391801568318 0.102588702920721
0.1762 0.000776572021946889 0.000150431641688867 0.0598496099970681 0.00116529254368822 0.000412203625381011 0.102508579125702
0.1763 0.000776572021946889 0.000150431641688867 0.0598496099970681 0.00114363324567848 0.000411766776778482 0.102431872262724
0.1764 0.000776572021946889 0.000150431641688867 0.0598496099970681 0.00112269373173606 0.000410185893050951 0.102357856465344
0.1765 0.000776572021946889 0.000150431641688867 0.0598496099970681 0.00110295064921754 0.000407488366947903 0.102286424180285
0.1766 -0.000397170039188308 -0.000192287286199043 0.0594452528807813 -0.000771265643807848 -0.00023317005197891 0.102166463779872
0.1767 -0.000397170039188308 -0.000192287286199043 0.0594452528807813 -0.000757102869992506 -0.000226372739959651 0.102097390251329
0.1768 -0.000397170039188308 -0.000192287286199043 0.0594452528807813 -0.000742587214296927 -0.000219929947377505 0.102029492256127
0.1769 -0.000397170039188308 -0.000192287286199043 0.0594452528807813 -0.000727750440263921 -0.000213905091088718 0.101962259316642
0.177 -0.000397170039188308 -0.000192287286199043 0.0594452528807813 -0.000712848060849806 -0.000208609774615588 0.101895719439654
0.1771 -0.00036361616619073 -9.57039199439886e-05 0.0581359672462858 -0.000606992298260501 -9.48061329049795e-05 0.100209355398293
0.1772 -0.00036361616619073 -9.57039199439886e-05 0.0581359672462858 -0.000593938605443165 -9.29894633947501e-05 0.100177793948511
0.1773 -0.00036361616619073 -9.57039199439886e-05 0.0581359672462858 -0.000582047936642382 -9.10414496204224e-05 0.100145338216561
0.1774 -0.00036361616619073 -9.57039199439886e-05 0.0581359672462858 -0.000570581994468778 -8.96617019747478e-05 0.10011264473406
0.1775 -0.00036361616619073 -9.57039199439886e-05 0.0581359672462858 -0.000558842409859241 -8.92201731193099e-05 0.100080206231447
0.1776 0.000274095808518603 -0.000167728024427183 0.0576721339150325 0.000454384964797962 -0.000198637476321762 0.0995831666134167
0.1777 0.000274095808518603 -0.000167728024427183 0.0576721339150325 0.000447962644359394 -0.000197213427064021 0.099558370640887
0.1778 0.000274095808518603 -0.000167728024427183 0.0576721339150325 0.000440591679327503 -0.000195708492272115 0.0995331835127457
0.1779 0.000274095808518603 -0.000167728024427183 0.0576721339150325 0.000432760385371504 -0.000194974584161075 0.099507636510467
0.178 0.000274095808518603 -0.000167728024427183 0.0576721339150325 0.000425144449488278 -0.000195253966038742 0.099481786340932
0.1781 0.000499225497880654 -0.000343230359537403 0.0580507628755924 0.000716300963351533 -0.000490133915443414 0.100109527042139
0.1782 0.000499225497880654 -0.000343230359537403 0.0580507628755924 0.000704282215273215 -0.000486650669953761 0.100067483978307
0.1783 0.000499225497880654 -0.000343230359537403 0.0580507628755924 0.000692746820442554 -0.000483613082689497 0.100025971993516
0.1784 0.000499225497880654 -0.000343230359537403 0.0580507628755924 0.000681966482365348 -0.000481097615056203 0.0999851338304752
0.1785 0.000499225497880654 -0.000343230359537403 0.0580507628755924 0.000672162227433896 -0.000479343578250912 0.0999451227030191
0.1786 4.91675636557383e-05 9.52347263696446e-05 0.058300972100654 -1.50287347088314e-05 0.00016903758268179 0.100515839447918
0.1787 4.91675636557383e-05 9.52347263696446e-05 0.058300972100654 -9.88897836703051e-06 0.000159597394084388 0.100468994202672
0.1788 4.91675636557383e-05 9.52347263696446e-05 0.058300972100654 -3.35439586822287e-06 0.000150961644310524 0.100422812130094
0.1789 4.91675636557383e-05 9.52347263696446e-05 0.058300972100654 3.7638363767561e-06 0.000143251485061227 0.10037766680644
0.179 4.91675636557383e-05 9.52347263696446e-05 0.058300972100654 1.10578753944166e-05 0.000136145370070814 0.100334004681075
0.1791 -1.01328971424362e-05 0.000268814224095219 0.0574361905307451 -6.52925217215284e-05 0.000408119655158703 0.0991732284558788
0.1792 -1.01328971424362e-05 0.000268814224095219 0.0574361905307451 -5.67254529301731e-05 0.000398301172101422 0.0991533012997162
0.1793 -1.01328971424362e-05 0.000268814224095219 0.0574361905307451 -4.85775870011163e-05 0.000389909373149858 0.0991341740066778
0.1794 -1.01328971424362e-05 0.000268814224095219 0.0574361905307451 -4.13518265553127e-05 0.000383005792180145 0.0991157370426159
0.1795 -1.01328971424362e-05 0.000268814224095219 0.0574361905307451 -3.50601903578503e-05 0.000376931708993998 0.0990976648210762
0.1796 -0.000208381883383629 0.000128290820132304 0.0578027945537007 -0.000423075788392659 0.000255031359652763 0.0998415047186966
0.1797 -0.000208381883383629 0.000128290820132304 0.0578027945537007 -0.000411444346365043 0.000251649181807821 0.099810656759939
0.1798 -0.000208381883383629 0.000128290820132304 0.0578027945537007 -0.000400360751329257 0.000248686139624772 0.0997810924370027
0.1799 -0.000208381883383629 0.000128290820132304 0.0578027945537007 -0.0003899532565821 0.000246294095827921 0.0997524307119144
0.18 -0.000208381883383629 0.000128290820132304 0.0578027945537007 -0.000380029708248036 0.000244384539306019 0.0997245591863565
0.1801 -0.00027612922291547 4.00957884647456e-05 0.0569868618863519 -0.000483026359534626 0.000168222448185358 0.0986228522367912
0.1802 -0.00027612922291547 4.00957884647456e-05 0.0569868618863519 -0.000472900437180746 0.00016829063298499 0.0986171599363185
0.1803 -0.00027612922291547 4.00957884647456e-05 0.0569868618863519 -0.000464110365500285 0.000168983271414476 0.0986109204112592
0.1804 -0.00027612922291547 4.00957884647456e-05 0.0569868618863519 -0.000456136788542324 0.000170079701284965 0.098604366577049
0.1805 -0.00027612922291547 4.00957884647456e-05 0.0569868618863519 -0.000449184152859287 0.000171470042854215 0.0985972614026366
0.1806 -1.93871201961121e-05 0.000137468875618813 0.0594556210000771 -8.66055576977412e-05 0.000320468001875412 0.102582849067105
0.1807 -1.93871201961121e-05 0.000137468875618813 0.0594556210000771 -8.70976732595157e-05 0.000320576433898306 0.102499066826608
0.1808 -1.93871201961121e-05 0.000137468875618813 0.0594556210000771 -8.77514339835407e-05 0.000320872546952706 0.102417150832911
0.1809 -1.93871201961121e-05 0.000137468875618813 0.0594556210000771 -8.87019231579223e-05 0.000321387794491561 0.102337548654527
0.181 -1.93871201961121e-05 0.000137468875618813 0.0594556210000771 -8.99809001765956e-05 0.000321888158691008 0.102260614965272
0.1811 -9.19747176330008e-06 0.000194181640158636 0.06079368610129 -8.15868702489482e-05 0.000391987756812475 0.104515717338361
0.1812 -9.19747176330008e-06 0.000194181640158636 0.06079368610129 -8.16797947950977e-05 0.000390736550976308 0.104403155804356
0.1813 -9.19747176330008e-06 0.000194181640158636 0.06079368610129 -8.05996197317372e-05 0.000389373952405312 0.104293799892981
0.1814 -9.19747176330008e-06 0.000194181640158636 0.06079368610129 -7.82796966245318e-05 0.000388271928480279 0.104187372251921
0.1815 -9.19747176330008e-06 0.000194181640158636 0.06079368610129 -7.50846150733383e-05 0.000387570828475704 0.104082963191251
0.1816 0.000106389578915153 0.000242668606568987 0.0581490487160102 0.000154480173824747 0.000487037154336421 0.0999271531651571
0.1817 0.000106389578915153 0.000242668606568987 0.0581490487160102 0.000152438193374147 0.000482884249865699 0.0999028692808669
0.1818 0.000106389578915153 0.000242668606568987 0.0581490487160102 0.000150716240057773 0.000478203871164533 0.0998801433357703
0.1819 0.000106389578915153 0.000242668606568987 0.0581490487160102 0.000149303672733485 0.000472764070172496 0.0998577725610094
0.182 0.000106389578915153 0.000242668606568987 0.0581490487160102 0.00014878727541455 0.000466591716032094 0.0998352245779756
0.1821 -8.07245665761413e-05 -0.000545808401110081 0.0561751345737453 -0.000292606419028924 -0.000823988603480978 0.0973014515869587
0.1822 -8.07245665761413e-05 -0.000545808401110081 0.0561751345737453 -0.00028452388796247 -0.000809118175698437 0.0973249808004227
0.1823 -8.07245665761413e-05 -0.000545808401110081 0.0561751345737453 -0.000276428791894245 -0.000794933599901137 0.0973462754713905
0.1824 -8.07245665761413e-05 -0.000545808401110081 0.0561751345737453 -0.000268238994075398 -0.000780974705817661 0.0973650838022234
0.1825 -8.07245665761413e-05 -0.000545808401110081 0.0561751345737453 -0.000260156889922685 -0.000766804765590902 0.0973817972326835
0.1826 0.000133104641755331 -0.000543735078874061 0.0587422506656328 0.000185714847157113 -0.000843800066843114 0.10170845531434
0.1827 0.000133104641755331 -0.000543735078874061 0.0587422506656328 0.000186454428266938 -0.0008257037564894 0.101641793655675
0.1828 0.000133104641755331 -0.000543735078874061 0.0587422506656328 0.000187804672946256 -0.0008072595596803 0.101577005180055
0.1829 0.000133104641755331 -0.000543735078874061 0.0587422506656328 0.000189762956735655 -0.000789013758339899 0.101514430725073
0.183 0.000133104641755331 -0.000543735078874061 0.0587422506656328 0.000191927691608229 -0.000771264498700231 0.101454049983244
0.1831 -0.000218409192361915 0.000200193624787102 0.0599423924100454 -0.00037600591305226 0.000455632947303857 0.103283405722579
0.1832 -0.000218409192361915 0.000200193624787102 0.0599423924100454 -0.000362348702291806 0.000451612400937556 0.103193595450115
0.1833 -0.000218409192361915 0.000200193624787102 0.0599423924100454 -0.000348830588861087 0.000446569612944389 0.103105390112223
0.1834 -0.000218409192361915 0.000200193624787102 0.0599423924100454 -0.000335316278788191 0.000440202540215873 0.103019244674023
0.1835 -0.000218409192361915 0.000200193624787102 0.0599423924100454 -0.000321592982602056 0.000432615776607256 0.102935536054934
0.1836 -0.0002969359486524 6.2927049503435e-05 0.0589829661688812 -0.000499266505278069 0.000180027565474959 0.101320032733806
0.1837 -0.0002969359486524 6.2927049503435e-05 0.0589829661688812 -0.000482728595724631 0.000175099952971648 0.101266513654336
0.1838 -0.0002969359486524 6.2927049503435e-05 0.0589829661688812 -0.000466970038174119 0.000169611491676474 0.101214750324589
0.1839 -0.0002969359486524 6.2927049503435e-05 0.0589829661688812 -0.000452040782176432 0.000164484401454512 0.101164962451423
0.184 -0.0002969359486524 6.2927049503435e-05 0.0589829661688812 -0.000438043443340022 0.000159810919693872 0.101116663864027
0.1841 -0.000451445656043209 -0.000590533628059332 0.0550448162969904 -0.000743382301377089 -0.000908878943565078 0.0954177210730055
0.1842 -0.000451445656043209 -0.000590533628059332 0.0550448162969904 -0.000725949122176846 -0.000895891325879845 0.095476853586006
0.1843 -0.000451445656043209 -0.000590533628059332 0.0550448162969904 -0.000709314973389436 -0.000884020729136144 0.0955336474660517
0.1844 -0.000451445656043209 -0.000590533628059332 0.0550448162969904 -0.000694056459812198 -0.000873169144566365 0.0955881502813745
0.1845 -0.000451445656043209 -0.000590533628059332 0.0550448162969904 -0.000680442267720751 -0.000863321118592322 0.0956402808815729
0.1846 0.000229422320738221 -2.52592702451135e-06 0.0576684310664216 0.000407927842988168 6.44910516751121e-05 0.100408307492602
0.1847 0.000229422320738221 -2.52592702451135e-06 0.0576684310664216 0.000397747991131041 5.58112024057192e-05 0.100370733926985
0.1848 0.000229422320738221 -2.52592702451135e-06 0.0576684310664216 0.000386234663296592 4.56141354751995e-05 0.100332068287398
0.1849 0.000229422320738221 -2.52592702451135e-06 0.0576684310664216 0.000374492506837985 3.46959460953273e-05 0.100293000635744
0.185 0.000229422320738221 -2.52592702451135e-06 0.0576684310664216 0.00036312688367432 2.38069624040003e-05 0.100253734536261
0.1851 0.000296046500825219 0.000256901488659854 0.058518255120566 0.000428341325716215 0.000400713503067246 0.101047483307044
0.1852 0.000296046500825219 0.000256901488659854 0.058518255120566 0.000418936738718909 0.00038504307981958 0.100990685614713
0.1853 0.000296046500825219 0.000256901488659854 0.058518255120566 0.000410701312528697 0.000370129494912376 0.10093401930105
0.1854 0.000296046500825219 0.000256901488659854 0.058518255120566 0.00040317156483207 0.000356269496424047 0.100877964396243
0.1855 0.000296046500825219 0.000256901488659854 0.058518255120566 0.000396338163427431 0.000343859645947455 0.100822765823251
0.1856 0.000211212728034679 0.000263874132260099 0.0593790757143784 0.000360173405679193 0.000402421761307477 0.102696448816095
0.1857 0.000211212728034679 0.000263874132260099 0.0593790757143784 0.00035600118572679 0.000392044022494679 0.102611628434554
0.1858 0.000211212728034679 0.000263874132260099 0.0593790757143784 0.000352526085680115 0.000383849640674217 0.102529062905344
0.1859 0.000211212728034679 0.000263874132260099 0.0593790757143784 0.000349620038167931 0.000377213139016993 0.102449265584062
0.186 0.000211212728034679 0.000263874132260099 0.0593790757143784 0.000347320848048586 0.000371623371876718 0.10237205996106
0.1861 0.000321758285802361 3.21055291815681e-05 0.0595308240694844 0.000478065615752124 7.72387840335131e-05 0.102844112264794
0.1862 0.000321758285802361 3.21055291815681e-05 0.0595308240694844 0.000474025801594945 7.62141676349178e-05 0.102764709389591
0.1863 0.000321758285802361 3.21055291815681e-05 0.0595308240694844 0.000471370756493615 7.51992574748935e-05 0.102688679763874
0.1864 0.000321758285802361 3.21055291815681e-05 0.0595308240694844 0.000469382703889738 7.32084405700617e-05 0.102615830377551
0.1865 0.000321758285802361 3.21055291815681e-05 0.0595308240694844 0.000467770635988085 7.07167776892317e-05 0.102545360044367
0.1866 0.000301539572813095 -0.00010273422157655 0.0579394977008221 0.00048212891544868 -0.000113094130319636 0.100146651494486
0.1867 0.000301539572813095 -0.00010273422157655 0.0579394977008221 0.00047973158896153 -0.000112447406452803 0.100123184437351
0.1868 0.000301539572813095 -0.00010273422157655 0.0579394977008221 0.00047739147950921 -0.000111376172494788 0.100099450511125
0.1869 0.000301539572813095 -0.00010273422157655 0.0579394977008221 0.000475057324026087 -0.000110232308658972 0.100074887561502
0.187 0.000301539572813095 -0.00010273422157655 0.0579394977008221 0.000472825567820872 -0.000109230045658962 0.100049487261942
0.1871 0.000735707917266409 0.000276331481995105 0.0589652598129978 0.00117704804955289 0.000537309774959975 0.101970422759203
0.1872 0.000735707917266409 0.000276331481995105 0.0589652598129978 0.00116307833635058 0.000527352056854806 0.101903240706626
0.1873 0.000735707917266409 0.000276331481995105 0.0589652598129978 0.00114946360992831 0.000517711333695129 0.101836273390258
0.1874 0.000735707917266409 0.000276331481995105 0.0589652598129978 0.00113632054847422 0.000508167038805613 0.10176958956434
0.1875 0.000735707917266409 0.000276331481995105 0.0589652598129978 0.00112420991047881 0.000498484373432415 0.101703678546622
0.1876 0.000430254903950133 0.000471046906315225 0.0602777058653837 0.000632512997295776 0.000779545810006456 0.103959466457623
0.1877 0.000430254903950133 0.000471046906315225 0.0602777058653837 0.00063298811768246 0.000765927603432803 0.103857440020217
0.1878 0.000430254903950133 0.000471046906315225 0.0602777058653837 0.000634324159320429 0.000753195038617387 0.103758768305533
0.1879 0.000430254903950133 0.000471046906315225 0.0602777058653837 0.000636156156065268 0.000741280233686623 0.103663630030285
0.188 0.000430254903950133 0.000471046906315225 0.0602777058653837 0.000638225967443272 0.000729949045936189 0.103571773072333
0.1881 0.000149959321134225 0.000630090209077418 0.0588433572335804 0.0001729722944294 0.00102273838086542 0.10142943188456
0.1882 0.000149959321134225 0.000630090209077418 0.0588433572335804 0.000183883962038646 0.00100793442070036 0.101381939650304
0.1883 0.000149959321134225 0.000630090209077418 0.0588433572335804 0.000194131358447228 0.000994078663291446 0.101336086986309
0.1884 0.000149959321134225 0.000630090209077418 0.0588433572335804 0.000203505176219344 0.000980944015245661 0.101291606260607
0.1885 0.000149959321134225 0.000630090209077418 0.0588433572335804 0.000212052464381036 0.000967882455412357 0.101248516023003
0.1886 0.000275518580825018 -3.62307360924366e-05 0.0546651341799608 0.000450582517412088 -8.13849055852329e-05 0.0948787575569928
0.1887 0.000275518580825018 -3.62307360924366e-05 0.0546651341799608 0.000453539110774046 -7.64800197977981e-05 0.094952604164245
0.1888 0.000275518580825018 -3.62307360924366e-05 0.0546651341799608 0.000456120553213414 -7.11402302477658e-05 0.0950232181495362
0.1889 0.000275518580825018 -3.62307360924366e-05 0.0546651341799608 0.000458373456024322 -6.55691261448586e-05 0.0950905121447049
0.189 0.000275518580825018 -3.62307360924366e-05 0.0546651341799608 0.000460166196722973 -6.01970165970261e-05 0.0951542293817268
0.1891 -0.00190206682677524 0.000567026298594427 0.0374347361092393 -0.00339417865709563 0.000959100555737591 0.067698322997408
0.1892 -0.00190206682677524 0.000567026298594427 0.0374347361092393 -0.00333651993725197 0.000948733732621808 0.0682509883116257
0.1893 -0.00190206682677524 0.000567026298594427 0.0374347361092393 -0.00328147536489303 0.000938848112371694 0.0687834427700253
0.1894 -0.00190206682677524 0.000567026298594427 0.0374347361092393 -0.00322942919290304 0.000929222819811195 0.0692960249045264
0.1895 -0.00190206682677524 0.000567026298594427 0.0374347361092393 -0.00317996953708365 0.00092064126874949 0.0697899767731747
0.1896 0.000197573516935718 0.000686665637469476 0.0575616887382374 0.000319059036760753 0.00113185716994708 0.103717460276161
0.1897 0.000197573516935718 0.000686665637469476 0.0575616887382374 0.000313013080750484 0.00112098286955434 0.103567567834206
0.1898 0.000197573516935718 0.000686665637469476 0.0575616887382374 0.000307642124279732 0.0011103615695339 0.10341890334069
0.1899 0.000197573516935718 0.000686665637469476 0.0575616887382374 0.000302427619599459 0.00110018782247768 0.103273374823837
0.19 0.000197573516935718 0.000686665637469476 0.0575616887382374 0.000296828893352194 0.00109066219594467 0.103132378300667
0.1901 0.000352568438863222 0.000212406020861017 0.067257559618616 0.000509745095117972 0.000323377970361695 0.115587957905817
0.1902 0.000352568438863222 0.000212406020861017 0.067257559618616 0.000501293217272221 0.0003262793008574 0.115244373247109
0.1903 0.000352568438863222 0.000212406020861017 0.067257559618616 0.000491365096931448 0.000327958962678798 0.114916397853557
0.1904 0.000352568438863222 0.000212406020861017 0.067257559618616 0.00048152855203678 0.000328747434743981 0.114602406741099
0.1905 0.000352568438863222 0.000212406020861017 0.067257559618616 0.000471973496087343 0.000329148978947031 0.114301091444145
0.1906 0.000616632604245874 2.0642203670479e-05 0.0680339414377341 0.000948868503318271 3.49519700392593e-05 0.115984040128076
0.1907 0.000616632604245874 2.0642203670479e-05 0.0680339414377341 0.00093300057012014 4.03504124428545e-05 0.115672357238638
0.1908 0.000616632604245874 2.0642203670479e-05 0.0680339414377341 0.000918079504641274 4.55932762291613e-05 0.115371469332904
0.1909 0.000616632604245874 2.0642203670479e-05 0.0680339414377341 0.000904812252654574 5.05727799990882e-05 0.115080273232489
0.191 0.000616632604245874 2.0642203670479e-05 0.0680339414377341 0.000893031341983974 5.50310643558733e-05 0.114797945834099
0.1911 0.00120178584204462 -0.000201187574422809 0.0649000317495239 0.00187117957009658 -0.000295240256017172 0.110897131150764
0.1912 0.00120178584204462 -0.000201187574422809 0.0649000317495239 0.00184582038895958 -0.000286609575126946 0.110694078374552
0.1913 0.00120178584204462 -0.000201187574422809 0.0649000317495239 0.00182311980791451 -0.000279773256737702 0.110495078362736
0.1914 0.00120178584204462 -0.000201187574422809 0.0649000317495239 0.00180307341764923 -0.000274446727291105 0.110299558956499
0.1915 0.00120178584204462 -0.000201187574422809 0.0649000317495239 0.00178521970259391 -0.000270075756787425 0.110107199214118
0.1916 0.00224934620505704 -0.000294157399869937 0.058005022078864 0.00352361380534947 -0.000452540133984579 0.100007077743015
0.1917 0.00224934620505704 -0.000294157399869937 0.058005022078864 0.0034780274554112 -0.000447204104077668 0.0999990032489662
0.1918 0.00224934620505704 -0.000294157399869937 0.058005022078864 0.00343543523736301 -0.000442303481780064 0.0999886495480635
0.1919 0.00224934620505704 -0.000294157399869937 0.058005022078864 0.00339550537948938 -0.000438142679112493 0.0999766527488546
0.192 0.00224934620505704 -0.000294157399869937 0.058005022078864 0.00335758770300546 -0.000434662197422428 0.0999629678158779
0.1921 0.00252008576612296 0.000139642032126205 0.0531127512544371 0.0038434540982416 0.000236875931111997 0.0930347764856594
0.1922 0.00252008576612296 0.000139642032126205 0.0531127512544371 0.00380350031516566 0.000223811132020635 0.0931416812232572
0.1923 0.00252008576612296 0.000139642032126205 0.0531127512544371 0.003765221108628 0.000210645719524112 0.0932437346497715
0.1924 0.00252008576612296 0.000139642032126205 0.0531127512544371 0.00372784397134893 0.000197801409533746 0.0933403127973434
0.1925 0.00252008576612296 0.000139642032126205 0.0531127512544371 0.00369148554186846 0.000185264899121605 0.0934309361844212
0.1926 -9.22346885416023e-05 -7.01007490808695e-05 0.05685417550195 -0.000313813808553282 -0.000227568040990824 0.0997997086913059
0.1927 -9.22346885416023e-05 -7.01007490808695e-05 0.05685417550195 -0.000285219469415355 -0.000226773726078889 0.0997665625996003
0.1928 -9.22346885416023e-05 -7.01007490808695e-05 0.05685417550195 -0.000259242446357391 -0.000223559610509475 0.099732222720625
0.1929 -9.22346885416023e-05 -7.01007490808695e-05 0.05685417550195 -0.000236164218277979 -0.000218436186060825 0.0996973613955448
0.193 -9.22346885416023e-05 -7.01007490808695e-05 0.05685417550195 -0.000216725474984591 -0.000211995680244137 0.0996626120846903
0.1931 -0.000934138786684506 -0.000368410173519671 0.0607259969968622 -0.00142586100165271 -0.000603450551221826 0.105238908524015
0.1932 -0.000934138786684506 -0.000368410173519671 0.0607259969968622 -0.00139326820286636 -0.00058533079512251 0.105104818723888
0.1933 -0.000934138786684506 -0.000368410173519671 0.0607259969968622 -0.00136239410365294 -0.000566866080328542 0.104973392081009
0.1934 -0.000934138786684506 -0.000368410173519671 0.0607259969968622 -0.00133359595758727 -0.000548122249112678 0.104845139815017
0.1935 -0.000934138786684506 -0.000368410173519671 0.0607259969968622 -0.00130694635524813 -0.000528927166870014 0.104720558571542
0.1936 -0.000783192406866593 -0.00089058302952069 0.058693142635389 -0.00124180511673937 -0.00131228796754828 0.101283926302776
0.1937 -0.000783192406866593 -0.00089058302952069 0.058693142635389 -0.00121824595877369 -0.00127893520626259 0.101224866942859
0.1938 -0.000783192406866593 -0.00089058302952069 0.058693142635389 -0.00119551243612002 -0.00124584521209774 0.10116807096827
0.1939 -0.000783192406866593 -0.00089058302952069 0.058693142635389 -0.0011735159669752 -0.00121271175686289 0.101113556383903
0.194 -0.000783192406866593 -0.00089058302952069 0.058693142635389 -0.00115268909181213 -0.00117955153010426 0.101061002768988
0.1941 -0.000783859266392405 -0.00146470796434879 0.0527210263363903 -0.00139068837787043 -0.00209253637311847 0.0917396368495607
0.1942 -0.000783859266392405 -0.00146470796434879 0.0527210263363903 -0.00136503078259086 -0.00204658739739136 0.0918533306229461
0.1943 -0.000783859266392405 -0.00146470796434879 0.0527210263363903 -0.00134002315641824 -0.00200238432491049 0.0919637964911827
0.1944 -0.000783859266392405 -0.00146470796434879 0.0527210263363903 -0.00131594211832807 -0.00196000620881776 0.0920706852358067
0.1945 -0.000783859266392405 -0.00146470796434879 0.0527210263363903 -0.00129272293360491 -0.00191916440613776 0.0921745916416507
0.1946 0.000359157039161178 0.000223666432768399 0.0559361215340226 0.000613408942364083 0.000599089152953069 0.0982956617622528
0.1947 0.000359157039161178 0.000223666432768399 0.0559361215340226 0.000600878483905982 0.000592480168368459 0.0982939035110148
0.1948 0.000359157039161178 0.000223666432768399 0.0559361215340226 0.000586878586843002 0.000583847608164119 0.0982918245164682
0.1949 0.000359157039161178 0.000223666432768399 0.0559361215340226 0.000570450657642243 0.000572816392129357 0.0982896162466659
0.195 0.000359157039161178 0.000223666432768399 0.0559361215340226 0.000551509958990142 0.000558873985969292 0.0982875197811356
0.1951 0.000213795168668692 0.000521523196976201 0.0614010315356327 0.000289461767807291 0.000830134997495701 0.106752525201994
0.1952 0.000213795168668692 0.000521523196976201 0.0614010315356327 0.000272867554570787 0.00080930709806071 0.106597889606713
0.1953 0.000213795168668692 0.000521523196976201 0.0614010315356327 0.000256477447648023 0.000787665769988158 0.106447377296308
0.1954 0.000213795168668692 0.000521523196976201 0.0614010315356327 0.000240636009129257 0.000765043678902173 0.106301984786628
0.1955 0.000213795168668692 0.000521523196976201 0.0614010315356327 0.000225888230398871 0.000741957897829751 0.106160969248051
0.1956 0.000139377205039121 0.000530180335139628 0.0614106438476635 0.000115610640924679 0.000751009352229311 0.106052291866944
0.1957 0.000139377205039121 0.000530180335139628 0.0614106438476635 0.000107634578072279 0.000730030099133446 0.10592009358514
0.1958 0.000139377205039121 0.000530180335139628 0.0614106438476635 0.000100751247078187 0.000711124501121969 0.105791617177808
0.1959 0.000139377205039121 0.000530180335139628 0.0614106438476635 9.49720127846506e-05 0.000694243805017517 0.105666439255034
0.196 0.000139377205039121 0.000530180335139628 0.0614106438476635 8.96248344076427e-05 0.000680065332915537 0.105544198147181
0.1961 0.0013268177344101 0.00146559623312107 0.0557727765798075 0.00198833727385548 0.00223027785244166 0.096919646246412
0.1962 0.0013268177344101 0.00146559623312107 0.0557727765798075 0.00195395733496954 0.00219318476804743 0.0969530917439484
0.1963 0.0013268177344101 0.00146559623312107 0.0557727765798075 0.00192122662363262 0.00215757602604962 0.0969836805383513
0.1964 0.0013268177344101 0.00146559623312107 0.0557727765798075 0.00189102653857292 0.002122979120411 0.0970115745176094
0.1965 0.0013268177344101 0.00146559623312107 0.0557727765798075 0.00186390858274635 0.00208931057539323 0.0970364837632554
0.1966 0.00130373729450414 0.00104787183906859 0.0530949320059955 0.00184084366620617 0.00158940733396528 0.0934251140304658
0.1967 0.00130373729450414 0.00104787183906859 0.0530949320059955 0.00181950619176469 0.00156570675245558 0.0935095750629903
0.1968 0.00130373729450414 0.00104787183906859 0.0530949320059955 0.00180059579720883 0.00154381957047555 0.0935887529133003
0.1969 0.00130373729450414 0.00104787183906859 0.0530949320059955 0.00178325468048183 0.00152279242044691 0.0936630580914108
0.197 0.00130373729450414 0.00104787183906859 0.0530949320059955 0.00176662135400048 0.00150316648789857 0.0937344559032718
0.1971 -0.000203237251990951 -0.000113036273438943 0.0579818338120422 -0.000388394735096529 -0.00022873295210187 0.101695021066329
0.1972 -0.000203237251990951 -0.000113036273438943 0.0579818338120422 -0.000368729298060765 -0.000214030766458135 0.101620474937264
0.1973 -0.000203237251990951 -0.000113036273438943 0.0579818338120422 -0.000349576433552927 -0.000198890865102056 0.101547846564747
0.1974 -0.000203237251990951 -0.000113036273438943 0.0579818338120422 -0.000331900077826423 -0.000184090425816474 0.101476249404966
0.1975 -0.000203237251990951 -0.000113036273438943 0.0579818338120422 -0.000316750455762449 -0.000170868216860645 0.101406889396381
0.1976 -0.000335507033546045 -0.000289080826898838 0.0606169344160581 -0.000496229546968148 -0.00041432102428857 0.105137931263648
0.1977 -0.000335507033546045 -0.000289080826898838 0.0606169344160581 -0.000481895395713326 -0.000397121470655863 0.105007299596408
0.1978 -0.000335507033546045 -0.000289080826898838 0.0606169344160581 -0.000469016588375286 -0.000379676611539172 0.104881976173359
0.1979 -0.000335507033546045 -0.000289080826898838 0.0606169344160581 -0.000457179835534583 -0.000362242312803963 0.104761617786732
0.198 -0.000335507033546045 -0.000289080826898838 0.0606169344160581 -0.000445588900590699 -0.000346044308675675 0.104646409075016
0.1981 0.00040107080748893 0.000382985800325402 0.0583208533552384 0.000638286794751583 0.000657667905106933 0.101276178403556
0.1982 0.00040107080748893 0.000382985800325402 0.0583208533552384 0.000633510421983856 0.000654865162215113 0.101229239433528
0.1983 0.00040107080748893 0.000382985800325402 0.0583208533552384 0.000628442476989263 0.000652548607900473 0.101183898895202
0.1984 0.00040107080748893 0.000382985800325402 0.0583208533552384 0.000623724539432602 0.000650308562343055 0.101140192154442
0.1985 0.00040107080748893 0.000382985800325402 0.0583208533552384 0.000619730864732908 0.000648003271893544 0.101097669432156
0.1986 0.00177578961313367 0.000814136303663366 0.0518756183890716 0.00283323584962397 0.00132832385452818 0.0911655121161012
0.1987 0.00177578961313367 0.000814136303663366 0.0518756183890716 0.00279472433368001 0.00131356279431987 0.0912994907452507
0.1988 0.00177578961313367 0.000814136303663366 0.0518756183890716 0.00275761106779719 0.00129907418456104 0.0914277919869541
0.1989 0.00177578961313367 0.000814136303663366 0.0518756183890716 0.00272143814558081 0.00128465230710699 0.0915508681511253
0.199 0.00177578961313367 0.000814136303663366 0.0518756183890716 0.00268622339434646 0.00127037156703682 0.0916683816660793
0.1991 0.00102671160913951 0.000327985165032904 0.0533294985963342 0.00158351585605092 0.000612157845020484 0.0945625660380913
0.1992 0.00102671160913951 0.000327985165032904 0.0533294985963342 0.00156435555362669 0.000608873579204849 0.0946159849145584
0.1993 0.00102671160913951 0.000327985165032904 0.0533294985963342 0.0015456008966868 0.000604753694654095 0.0946671625000779
0.1994 0.00102671160913951 0.000327985165032904 0.0533294985963342 0.00152686976808369 0.000599202454208684 0.0947169487579974
0.1995 0.00102671160913951 0.000327985165032904 0.0533294985963342 0.00150796522459158 0.000592060741426325 0.0947655015448126
0.1996 -0.000549334672128735 -2.94335780504785e-05 0.0611538791677525 -0.000895058281859737 -5.18105276842059e-05 0.107066030829886
0.1997 -0.000549334672128735 -2.94335780504785e-05 0.0611538791677525 -0.000873208428477847 -4.8052730144475e-05 0.106896922162503
0.1998 -0.000549334672128735 -2.94335780504785e-05 0.0611538791677525 -0.000852206219503095 -4.40984474470577e-05 0.106734100735045
0.1999 -0.000549334672128735 -2.94335780504785e-05 0.0611538791677525 -0.000831887845718659 -3.9510125461573e-05 0.106577406717544
0.2 -0.000549334672128735 -2.94335780504785e-05 0.0611538791677525 -0.000811659441586672 -3.43317431791028e-05 0.106426528292526
