# Probe 0 (3e-05 0 0.0001)
# Probe 1 (3e-05 0 0.0529)
#       Probe             0             1
#        Time
       0.0005             (-6.38524e-07 -1.22401e-06 0.0500006)             (4.97346e-07 2.32849e-06 0.0500171)
        0.001             (-1.18834e-06 -2.27909e-06 0.0500011)             (9.06783e-07 4.26138e-06 0.0500315)
       0.0015             (-1.7399e-06 -3.33818e-06 0.0500015)             (1.31047e-06 6.15797e-06 0.0500456)
        0.002             (-2.29309e-06 -4.40103e-06 0.050002)             (1.70958e-06 8.02018e-06 0.0500594)
       0.0025             (-2.84786e-06 -5.46741e-06 0.0500024)             (2.10437e-06 9.84864e-06 0.050073)
        0.003             (-3.40413e-06 -6.53709e-06 0.0500029)             (2.49479e-06 1.16436e-05 0.0500863)
       0.0035             (-3.96183e-06 -7.60986e-06 0.0500033)             (2.88072e-06 1.34052e-05 0.0500994)
        0.004             (-4.5209e-06 -8.68554e-06 0.0500037)             (3.26205e-06 1.51336e-05 0.0501122)
       0.0045             (-5.08128e-06 -9.76391e-06 0.0500041)             (3.63862e-06 1.68289e-05 0.0501247)
        0.005             (-5.6429e-06 -1.08448e-05 0.0500045)             (4.01033e-06 1.84912e-05 0.050137)
       0.0055             (-6.20571e-06 -1.19279e-05 0.0500049)             (4.37704e-06 2.01208e-05 0.0501491)
        0.006             (-6.76963e-06 -1.30132e-05 0.0500052)             (4.73864e-06 2.17177e-05 0.050161)
       0.0065             (-7.33463e-06 -1.41004e-05 0.0500056)             (5.09542e-06 2.32833e-05 0.0501727)
        0.007             (-7.90063e-06 -1.51893e-05 0.050006)             (5.44747e-06 2.48185e-05 0.0501841)
       0.0075             (-8.46758e-06 -1.62798e-05 0.0500063)             (5.79475e-06 2.63237e-05 0.0501953)
        0.008             (-9.03544e-06 -1.73716e-05 0.0500066)             (6.13723e-06 2.7799e-05 0.0502063)
       0.0085             (-9.60413e-06 -1.84647e-05 0.050007)             (6.47488e-06 2.9245e-05 0.0502171)
        0.009             (-1.01736e-05 -1.95588e-05 0.0500073)             (6.80768e-06 3.0662e-05 0.0502277)
       0.0095             (-1.07438e-05 -2.06538e-05 0.0500076)             (7.13558e-06 3.20504e-05 0.050238)
         0.01             (-1.13147e-05 -2.17496e-05 0.0500079)             (7.45857e-06 3.34105e-05 0.0502482)
       0.0105             (-1.18862e-05 -2.28459e-05 0.0500082)             (7.77663e-06 3.47426e-05 0.0502582)
        0.011             (-1.24583e-05 -2.39426e-05 0.0500085)             (8.08973e-06 3.60472e-05 0.050268)
       0.0115             (-1.3031e-05 -2.50396e-05 0.0500088)             (8.39787e-06 3.73246e-05 0.0502777)
        0.012             (-1.36041e-05 -2.61367e-05 0.050009)             (8.70102e-06 3.85752e-05 0.0502871)
       0.0125             (-1.41776e-05 -2.72338e-05 0.0500093)             (8.99917e-06 3.97992e-05 0.0502964)
        0.013             (-1.47515e-05 -2.83308e-05 0.0500096)             (9.29234e-06 4.0997e-05 0.0503055)
       0.0135             (-1.53258e-05 -2.94274e-05 0.0500098)             (9.58052e-06 4.21688e-05 0.0503144)
        0.014             (-1.59003e-05 -3.05237e-05 0.0500101)             (9.86372e-06 4.3315e-05 0.0503232)
       0.0145             (-1.64751e-05 -3.16194e-05 0.0500103)             (1.01419e-05 4.4436e-05 0.0503318)
        0.015             (-1.70501e-05 -3.27144e-05 0.0500106)             (1.04152e-05 4.5532e-05 0.0503402)
       0.0155             (-1.76253e-05 -3.38086e-05 0.0500108)             (1.06834e-05 4.66035e-05 0.0503485)
        0.016             (-1.82005e-05 -3.49018e-05 0.050011)             (1.09466e-05 4.76506e-05 0.0503566)
       0.0165             (-1.87759e-05 -3.59941e-05 0.0500113)             (1.12049e-05 4.86739e-05 0.0503646)
        0.017             (-1.93512e-05 -3.70852e-05 0.0500115)             (1.14582e-05 4.96736e-05 0.0503724)
       0.0175             (-1.99266e-05 -3.8175e-05 0.0500117)             (1.17065e-05 5.065e-05 0.05038)
        0.018             (-2.05019e-05 -3.92635e-05 0.0500119)             (1.19498e-05 5.16034e-05 0.0503876)
       0.0185             (-2.10771e-05 -4.03505e-05 0.0500121)             (1.21882e-05 5.25342e-05 0.050395)
        0.019             (-2.16521e-05 -4.14359e-05 0.0500123)             (1.24217e-05 5.34427e-05 0.0504022)
       0.0195             (-2.2227e-05 -4.25196e-05 0.0500125)             (1.26502e-05 5.43292e-05 0.0504093)
         0.02             (-2.28017e-05 -4.36015e-05 0.0500127)             (1.28738e-05 5.51941e-05 0.0504163)
       0.0205             (-2.33762e-05 -4.46816e-05 0.0500129)             (1.30925e-05 5.60375e-05 0.0504232)
        0.021             (-2.39503e-05 -4.57596e-05 0.0500131)             (1.33064e-05 5.686e-05 0.0504299)
       0.0215             (-2.45242e-05 -4.68357e-05 0.0500132)             (1.35153e-05 5.76616e-05 0.0504365)
        0.022             (-2.50976e-05 -4.79096e-05 0.0500134)             (1.37194e-05 5.84428e-05 0.050443)
       0.0225             (-2.56707e-05 -4.89812e-05 0.0500136)             (1.39187e-05 5.92038e-05 0.0504494)
        0.023             (-2.62434e-05 -5.00505e-05 0.0500137)             (1.41132e-05 5.9945e-05 0.0504556)
       0.0235             (-2.68156e-05 -5.11175e-05 0.0500139)             (1.43029e-05 6.06666e-05 0.0504618)
        0.024             (-2.73873e-05 -5.21819e-05 0.0500141)             (1.44878e-05 6.1369e-05 0.0504678)
       0.0245             (-2.79585e-05 -5.32438e-05 0.0500142)             (1.4668e-05 6.20524e-05 0.0504737)
        0.025             (-2.85292e-05 -5.43031e-05 0.0500144)             (1.48435e-05 6.2717e-05 0.0504795)
       0.0255             (-2.90992e-05 -5.53596e-05 0.0500145)             (1.50143e-05 6.33633e-05 0.0504852)
        0.026             (-2.96687e-05 -5.64134e-05 0.0500147)             (1.51804e-05 6.39915e-05 0.0504908)
       0.0265             (-3.02375e-05 -5.74644e-05 0.0500148)             (1.53419e-05 6.46017e-05 0.0504963)
        0.027             (-3.08056e-05 -5.85124e-05 0.050015)             (1.54987e-05 6.51945e-05 0.0505016)
       0.0275             (-3.1373e-05 -5.95575e-05 0.0500151)             (1.5651e-05 6.57699e-05 0.0505069)
        0.028             (-3.19397e-05 -6.05995e-05 0.0500152)             (1.57987e-05 6.63282e-05 0.0505121)
       0.0285             (-3.25056e-05 -6.16384e-05 0.0500154)             (1.59419e-05 6.68698e-05 0.0505172)
        0.029             (-3.30707e-05 -6.26742e-05 0.0500155)             (1.60806e-05 6.73949e-05 0.0505222)
       0.0295             (-3.3635e-05 -6.37067e-05 0.0500156)             (1.62148e-05 6.79038e-05 0.0505271)
         0.03             (-3.41984e-05 -6.4736e-05 0.0500158)             (1.63446e-05 6.83966e-05 0.0505319)
       0.0305             (-3.4761e-05 -6.5762e-05 0.0500159)             (1.647e-05 6.88738e-05 0.0505367)
        0.031             (-3.53227e-05 -6.67846e-05 0.050016)             (1.6591e-05 6.93354e-05 0.0505413)
       0.0315             (-3.58835e-05 -6.78037e-05 0.0500161)             (1.67077e-05 6.97819e-05 0.0505459)
        0.032             (-3.64433e-05 -6.88194e-05 0.0500162)             (1.68201e-05 7.02133e-05 0.0505504)
       0.0325             (-3.70021e-05 -6.98316e-05 0.0500163)             (1.69282e-05 7.063e-05 0.0505548)
        0.033             (-3.756e-05 -7.08402e-05 0.0500165)             (1.7032e-05 7.10322e-05 0.0505591)
       0.0335             (-3.81168e-05 -7.18452e-05 0.0500166)             (1.71317e-05 7.14201e-05 0.0505633)
        0.034             (-3.86726e-05 -7.28465e-05 0.0500167)             (1.72272e-05 7.17941e-05 0.0505675)
       0.0345             (-3.92273e-05 -7.38442e-05 0.0500168)             (1.73185e-05 7.21542e-05 0.0505716)
        0.035             (-3.97809e-05 -7.48381e-05 0.0500169)             (1.74057e-05 7.25008e-05 0.0505756)
       0.0355             (-4.03335e-05 -7.58282e-05 0.050017)             (1.74889e-05 7.2834e-05 0.0505795)
        0.036             (-4.08849e-05 -7.68145e-05 0.0500171)             (1.75681e-05 7.31541e-05 0.0505834)
       0.0365             (-4.14351e-05 -7.7797e-05 0.0500172)             (1.76432e-05 7.34614e-05 0.0505872)
        0.037             (-4.19842e-05 -7.87756e-05 0.0500173)             (1.77144e-05 7.37559e-05 0.0505909)
       0.0375             (-4.25321e-05 -7.97503e-05 0.0500174)             (1.77817e-05 7.4038e-05 0.0505946)
        0.038             (-4.30788e-05 -8.07211e-05 0.0500175)             (1.7845e-05 7.43079e-05 0.0505982)
       0.0385             (-4.36242e-05 -8.16879e-05 0.0500176)             (1.79046e-05 7.45658e-05 0.0506017)
        0.039             (-4.41684e-05 -8.26506e-05 0.0500177)             (1.79603e-05 7.48118e-05 0.0506052)
       0.0395             (-4.47113e-05 -8.36094e-05 0.0500178)             (1.80122e-05 7.50462e-05 0.0506086)
         0.04             (-4.5253e-05 -8.45641e-05 0.0500178)             (1.80604e-05 7.52692e-05 0.0506119)
       0.0405             (-4.57933e-05 -8.55147e-05 0.0500179)             (1.81049e-05 7.5481e-05 0.0506152)
        0.041             (-4.63324e-05 -8.64612e-05 0.050018)             (1.81457e-05 7.56818e-05 0.0506184)
       0.0415             (-4.68701e-05 -8.74036e-05 0.0500181)             (1.81829e-05 7.58717e-05 0.0506216)
        0.042             (-4.74064e-05 -8.83418e-05 0.0500182)             (1.82166e-05 7.6051e-05 0.0506247)
       0.0425             (-4.79414e-05 -8.92759e-05 0.0500183)             (1.82466e-05 7.62199e-05 0.0506277)
        0.043             (-4.8475e-05 -9.02058e-05 0.0500184)             (1.82732e-05 7.63786e-05 0.0506307)
       0.0435             (-4.90071e-05 -9.11315e-05 0.0500184)             (1.82963e-05 7.65272e-05 0.0506337)
        0.044             (-4.95379e-05 -9.20529e-05 0.0500185)             (1.83159e-05 7.66659e-05 0.0506366)
       0.0445             (-5.00673e-05 -9.29701e-05 0.0500186)             (1.83321e-05 7.67949e-05 0.0506394)
        0.045             (-5.05952e-05 -9.38831e-05 0.0500187)             (1.8345e-05 7.69143e-05 0.0506422)
       0.0455             (-5.11216e-05 -9.47917e-05 0.0500187)             (1.83545e-05 7.70245e-05 0.050645)
        0.046             (-5.16466e-05 -9.56961e-05 0.0500188)             (1.83608e-05 7.71254e-05 0.0506477)
       0.0465             (-5.217e-05 -9.65962e-05 0.0500189)             (1.83639e-05 7.72174e-05 0.0506503)
        0.047             (-5.2692e-05 -9.7492e-05 0.050019)             (1.83637e-05 7.73005e-05 0.0506529)
       0.0475             (-5.32125e-05 -9.83834e-05 0.050019)             (1.83605e-05 7.7375e-05 0.0506555)
        0.048             (-5.37314e-05 -9.92705e-05 0.0500191)             (1.83542e-05 7.7441e-05 0.050658)
       0.0485             (-5.42489e-05 -0.000100153 0.0500192)             (1.83448e-05 7.74986e-05 0.0506604)
        0.049             (-5.47647e-05 -0.000101032 0.0500193)             (1.83324e-05 7.75481e-05 0.0506629)
       0.0495             (-5.5279e-05 -0.000101906 0.0500193)             (1.83171e-05 7.75895e-05 0.0506652)
         0.05             (-5.57918e-05 -0.000102775 0.0500194)             (1.82988e-05 7.76231e-05 0.0506676)
       0.0505             (-5.63029e-05 -0.000103641 0.0500195)             (1.82776e-05 7.76489e-05 0.0506699)
        0.051             (-5.68125e-05 -0.000104502 0.0500195)             (1.82535e-05 7.76672e-05 0.0506721)
       0.0515             (-5.73204e-05 -0.000105358 0.0500196)             (1.82266e-05 7.76781e-05 0.0506743)
        0.052             (-5.78268e-05 -0.00010621 0.0500197)             (1.81969e-05 7.76817e-05 0.0506765)
       0.0525             (-5.83315e-05 -0.000107058 0.0500197)             (1.81644e-05 7.76781e-05 0.0506786)
        0.053             (-5.88346e-05 -0.000107901 0.0500198)             (1.81292e-05 7.76676e-05 0.0506807)
       0.0535             (-5.9336e-05 -0.00010874 0.0500199)             (1.80914e-05 7.76502e-05 0.0506828)
        0.054             (-5.98358e-05 -0.000109575 0.0500199)             (1.80509e-05 7.76262e-05 0.0506848)
       0.0545             (-6.0334e-05 -0.000110405 0.05002)             (1.80077e-05 7.75955e-05 0.0506868)
        0.055             (-6.08304e-05 -0.000111231 0.0500201)             (1.7962e-05 7.75585e-05 0.0506888)
       0.0555             (-6.13252e-05 -0.000112052 0.0500201)             (1.79138e-05 7.75151e-05 0.0506907)
        0.056             (-6.18183e-05 -0.000112869 0.0500202)             (1.7863e-05 7.74655e-05 0.0506926)
       0.0565             (-6.23098e-05 -0.000113682 0.0500202)             (1.78098e-05 7.74099e-05 0.0506944)
        0.057             (-6.27995e-05 -0.00011449 0.0500203)             (1.77541e-05 7.73483e-05 0.0506963)
       0.0575             (-6.32875e-05 -0.000115294 0.0500204)             (1.7696e-05 7.7281e-05 0.0506981)
        0.058             (-6.37738e-05 -0.000116093 0.0500204)             (1.76356e-05 7.7208e-05 0.0506998)
       0.0585             (-6.42584e-05 -0.000116888 0.0500205)             (1.75728e-05 7.71294e-05 0.0507016)
        0.059             (-6.47412e-05 -0.000117679 0.0500205)             (1.75077e-05 7.70454e-05 0.0507033)
       0.0595             (-6.52223e-05 -0.000118465 0.0500206)             (1.74403e-05 7.69561e-05 0.0507049)
         0.06             (-6.57017e-05 -0.000119247 0.0500207)             (1.73707e-05 7.68615e-05 0.0507066)
       0.0605             (-6.61794e-05 -0.000120024 0.0500207)             (1.72989e-05 7.67619e-05 0.0507082)
        0.061             (-6.66553e-05 -0.000120797 0.0500208)             (1.7225e-05 7.66573e-05 0.0507098)
       0.0615             (-6.71294e-05 -0.000121566 0.0500208)             (1.71489e-05 7.65478e-05 0.0507113)
        0.062             (-6.76018e-05 -0.00012233 0.0500209)             (1.70706e-05 7.64335e-05 0.0507129)
       0.0625             (-6.80724e-05 -0.00012309 0.0500209)             (1.69904e-05 7.63146e-05 0.0507144)
        0.063             (-6.85412e-05 -0.000123846 0.050021)             (1.6908e-05 7.61911e-05 0.0507158)
       0.0635             (-6.90083e-05 -0.000124597 0.050021)             (1.68237e-05 7.60632e-05 0.0507173)
        0.064             (-6.94736e-05 -0.000125344 0.0500211)             (1.67374e-05 7.59309e-05 0.0507187)
       0.0645             (-6.99371e-05 -0.000126087 0.0500212)             (1.66492e-05 7.57944e-05 0.0507201)
        0.065             (-7.03988e-05 -0.000126826 0.0500212)             (1.6559e-05 7.56537e-05 0.0507215)
       0.0655             (-7.08588e-05 -0.00012756 0.0500213)             (1.6467e-05 7.55089e-05 0.0507229)
        0.066             (-7.13169e-05 -0.00012829 0.0500213)             (1.63731e-05 7.53602e-05 0.0507242)
       0.0665             (-7.17733e-05 -0.000129015 0.0500214)             (1.62774e-05 7.52076e-05 0.0507255)
        0.067             (-7.22278e-05 -0.000129736 0.0500214)             (1.61798e-05 7.50513e-05 0.0507268)
       0.0675             (-7.26805e-05 -0.000130453 0.0500215)             (1.60806e-05 7.48912e-05 0.0507281)
        0.068             (-7.31315e-05 -0.000131166 0.0500215)             (1.59796e-05 7.47276e-05 0.0507293)
       0.0685             (-7.35806e-05 -0.000131875 0.0500216)             (1.58768e-05 7.45604e-05 0.0507305)
        0.069             (-7.40279e-05 -0.000132579 0.0500216)             (1.57725e-05 7.43898e-05 0.0507317)
       0.0695             (-7.44734e-05 -0.000133279 0.0500217)             (1.56664e-05 7.42159e-05 0.0507329)
         0.07             (-7.49171e-05 -0.000133975 0.0500217)             (1.55588e-05 7.40387e-05 0.0507341)
       0.0705             (-7.5359e-05 -0.000134667 0.0500218)             (1.54496e-05 7.38584e-05 0.0507352)
        0.071             (-7.5799e-05 -0.000135355 0.0500218)             (1.53388e-05 7.36749e-05 0.0507364)
       0.0715             (-7.62373e-05 -0.000136038 0.0500219)             (1.52264e-05 7.34885e-05 0.0507375)
        0.072             (-7.66737e-05 -0.000136717 0.0500219)             (1.51126e-05 7.32991e-05 0.0507385)
       0.0725             (-7.71083e-05 -0.000137393 0.050022)             (1.49973e-05 7.31068e-05 0.0507396)
        0.073             (-7.7541e-05 -0.000138064 0.050022)             (1.48805e-05 7.29117e-05 0.0507407)
       0.0735             (-7.7972e-05 -0.000138731 0.0500221)             (1.47624e-05 7.2714e-05 0.0507417)
        0.074             (-7.84011e-05 -0.000139394 0.0500221)             (1.46428e-05 7.25136e-05 0.0507427)
       0.0745             (-7.88284e-05 -0.000140052 0.0500222)             (1.45218e-05 7.23106e-05 0.0507437)
        0.075             (-7.92539e-05 -0.000140707 0.0500222)             (1.43996e-05 7.21051e-05 0.0507447)
       0.0755             (-7.96775e-05 -0.000141358 0.0500223)             (1.42759e-05 7.18972e-05 0.0507457)
        0.076             (-8.00993e-05 -0.000142004 0.0500223)             (1.4151e-05 7.1687e-05 0.0507466)
       0.0765             (-8.05193e-05 -0.000142647 0.0500224)             (1.40249e-05 7.14744e-05 0.0507475)
        0.077             (-8.09375e-05 -0.000143286 0.0500224)             (1.38975e-05 7.12597e-05 0.0507485)
       0.0775             (-8.13538e-05 -0.00014392 0.0500225)             (1.37688e-05 7.10427e-05 0.0507494)
        0.078             (-8.17683e-05 -0.000144551 0.0500225)             (1.3639e-05 7.08237e-05 0.0507502)
       0.0785             (-8.2181e-05 -0.000145178 0.0500225)             (1.3508e-05 7.06026e-05 0.0507511)
        0.079             (-8.25918e-05 -0.0001458 0.0500226)             (1.33759e-05 7.03795e-05 0.050752)
       0.0795             (-8.30009e-05 -0.000146419 0.0500226)             (1.32426e-05 7.01546e-05 0.0507528)
         0.08             (-8.34081e-05 -0.000147034 0.0500227)             (1.31083e-05 6.99278e-05 0.0507536)
       0.0805             (-8.38135e-05 -0.000147645 0.0500227)             (1.29729e-05 6.96991e-05 0.0507545)
        0.081             (-8.42171e-05 -0.000148252 0.0500228)             (1.28364e-05 6.94687e-05 0.0507553)
       0.0815             (-8.46188e-05 -0.000148856 0.0500228)             (1.26989e-05 6.92367e-05 0.050756)
        0.082             (-8.50187e-05 -0.000149455 0.0500229)             (1.25604e-05 6.9003e-05 0.0507568)
       0.0825             (-8.54168e-05 -0.000150051 0.0500229)             (1.24209e-05 6.87677e-05 0.0507576)
        0.083             (-8.58131e-05 -0.000150643 0.0500229)             (1.22805e-05 6.8531e-05 0.0507583)
       0.0835             (-8.62076e-05 -0.000151231 0.050023)             (1.21391e-05 6.82927e-05 0.0507591)
        0.084             (-8.66003e-05 -0.000151815 0.050023)             (1.19969e-05 6.8053e-05 0.0507598)
       0.0845             (-8.69911e-05 -0.000152395 0.0500231)             (1.18539e-05 6.7812e-05 0.0507605)
        0.085             (-8.73802e-05 -0.000152972 0.0500231)             (1.17101e-05 6.75696e-05 0.0507612)
       0.0855             (-8.77675e-05 -0.000153545 0.0500232)             (1.15656e-05 6.73259e-05 0.0507619)
        0.086             (-8.81529e-05 -0.000154115 0.0500232)             (1.14202e-05 6.70811e-05 0.0507626)
       0.0865             (-8.85366e-05 -0.00015468 0.0500232)             (1.12741e-05 6.6835e-05 0.0507632)
        0.087             (-8.89184e-05 -0.000155242 0.0500233)             (1.11273e-05 6.65878e-05 0.0507639)
       0.0875             (-8.92985e-05 -0.000155801 0.0500233)             (1.09797e-05 6.63395e-05 0.0507645)
        0.088             (-8.96768e-05 -0.000156355 0.0500234)             (1.08315e-05 6.60902e-05 0.0507652)
       0.0885             (-9.00532e-05 -0.000156906 0.0500234)             (1.06826e-05 6.58398e-05 0.0507658)
        0.089             (-9.04279e-05 -0.000157454 0.0500235)             (1.0533e-05 6.55885e-05 0.0507664)
       0.0895             (-9.08008e-05 -0.000157998 0.0500235)             (1.03828e-05 6.53363e-05 0.050767)
         0.09             (-9.1172e-05 -0.000158538 0.0500235)             (1.0232e-05 6.50832e-05 0.0507676)
       0.0905             (-9.15413e-05 -0.000159075 0.0500236)             (1.00805e-05 6.48292e-05 0.0507682)
        0.091             (-9.19089e-05 -0.000159608 0.0500236)             (9.92849e-06 6.45745e-05 0.0507688)
       0.0915             (-9.22747e-05 -0.000160138 0.0500237)             (9.77588e-06 6.4319e-05 0.0507693)
        0.092             (-9.26387e-05 -0.000160664 0.0500237)             (9.62273e-06 6.40627e-05 0.0507699)
       0.0925             (-9.3001e-05 -0.000161187 0.0500237)             (9.46902e-06 6.38058e-05 0.0507704)
        0.093             (-9.33615e-05 -0.000161706 0.0500238)             (9.3148e-06 6.35482e-05 0.050771)
       0.0935             (-9.37203e-05 -0.000162222 0.0500238)             (9.16007e-06 6.329e-05 0.0507715)
        0.094             (-9.40773e-05 -0.000162734 0.0500239)             (9.00486e-06 6.30312e-05 0.050772)
       0.0945             (-9.44325e-05 -0.000163243 0.0500239)             (8.84916e-06 6.27718e-05 0.0507725)
        0.095             (-9.4786e-05 -0.000163749 0.0500239)             (8.69301e-06 6.2512e-05 0.050773)
       0.0955             (-9.51378e-05 -0.000164251 0.050024)             (8.53641e-06 6.22516e-05 0.0507735)
        0.096             (-9.54878e-05 -0.00016475 0.050024)             (8.37938e-06 6.19908e-05 0.050774)
       0.0965             (-9.58361e-05 -0.000165246 0.0500241)             (8.22194e-06 6.17296e-05 0.0507745)
        0.097             (-9.61826e-05 -0.000165738 0.0500241)             (8.06409e-06 6.1468e-05 0.0507749)
       0.0975             (-9.65275e-05 -0.000166227 0.0500241)             (7.90586e-06 6.12061e-05 0.0507754)
        0.098             (-9.68706e-05 -0.000166713 0.0500242)             (7.74726e-06 6.09438e-05 0.0507759)
       0.0985             (-9.72119e-05 -0.000167195 0.0500242)             (7.5883e-06 6.06812e-05 0.0507763)
        0.099             (-9.75516e-05 -0.000167674 0.0500242)             (7.429e-06 6.04184e-05 0.0507768)
       0.0995             (-9.78895e-05 -0.00016815 0.0500243)             (7.26936e-06 6.01553e-05 0.0507772)
          0.1             (-9.82258e-05 -0.000168623 0.0500243)             (7.10942e-06 5.9892e-05 0.0507776)
       0.1005             (-9.85603e-05 -0.000169093 0.0500244)             (6.94917e-06 5.96285e-05 0.050778)
        0.101             (-9.88932e-05 -0.000169559 0.0500244)             (6.78863e-06 5.93648e-05 0.0507784)
       0.1015             (-9.92243e-05 -0.000170022 0.0500244)             (6.62782e-06 5.9101e-05 0.0507788)
        0.102             (-9.95538e-05 -0.000170482 0.0500245)             (6.46674e-06 5.88372e-05 0.0507792)
       0.1025             (-9.98816e-05 -0.000170939 0.0500245)             (6.30541e-06 5.85732e-05 0.0507796)
        0.103             (-0.000100208 -0.000171393 0.0500245)             (6.14384e-06 5.83091e-05 0.05078)
       0.1035             (-0.000100532 -0.000171844 0.0500246)             (5.98205e-06 5.80451e-05 0.0507804)
        0.104             (-0.000100855 -0.000172292 0.0500246)             (5.82005e-06 5.7781e-05 0.0507808)
       0.1045             (-0.000101176 -0.000172737 0.0500246)             (5.65784e-06 5.75169e-05 0.0507811)
        0.105             (-0.000101495 -0.000173178 0.0500247)             (5.49545e-06 5.72529e-05 0.0507815)
       0.1055             (-0.000101813 -0.000173617 0.0500247)             (5.33287e-06 5.69889e-05 0.0507819)
        0.106             (-0.000102129 -0.000174052 0.0500248)             (5.17013e-06 5.6725e-05 0.0507822)
       0.1065             (-0.000102444 -0.000174485 0.0500248)             (5.00724e-06 5.64612e-05 0.0507826)
        0.107             (-0.000102757 -0.000174915 0.0500248)             (4.84421e-06 5.61975e-05 0.0507829)
       0.1075             (-0.000103068 -0.000175342 0.0500249)             (4.68105e-06 5.5934e-05 0.0507832)
        0.108             (-0.000103377 -0.000175766 0.0500249)             (4.51776e-06 5.56706e-05 0.0507836)
       0.1085             (-0.000103685 -0.000176186 0.0500249)             (4.35437e-06 5.54074e-05 0.0507839)
        0.109             (-0.000103992 -0.000176605 0.050025)             (4.19088e-06 5.51444e-05 0.0507842)
       0.1095             (-0.000104296 -0.00017702 0.050025)             (4.0273e-06 5.48816e-05 0.0507845)
         0.11             (-0.000104599 -0.000177432 0.050025)             (3.86365e-06 5.4619e-05 0.0507848)
       0.1105             (-0.000104901 -0.000177841 0.0500251)             (3.69992e-06 5.43567e-05 0.0507851)
        0.111             (-0.000105201 -0.000178248 0.0500251)             (3.53614e-06 5.40947e-05 0.0507854)
       0.1115             (-0.000105499 -0.000178652 0.0500251)             (3.37231e-06 5.38329e-05 0.0507857)
        0.112             (-0.000105796 -0.000179053 0.0500252)             (3.20844e-06 5.35715e-05 0.050786)
       0.1125             (-0.000106091 -0.000179451 0.0500252)             (3.04455e-06 5.33103e-05 0.0507863)
        0.113             (-0.000106385 -0.000179847 0.0500252)             (2.88063e-06 5.30495e-05 0.0507866)
       0.1135             (-0.000106676 -0.00018024 0.0500253)             (2.71671e-06 5.27891e-05 0.0507868)
        0.114             (-0.000106967 -0.00018063 0.0500253)             (2.55279e-06 5.2529e-05 0.0507871)
       0.1145             (-0.000107256 -0.000181017 0.0500253)             (2.38888e-06 5.22693e-05 0.0507874)
        0.115             (-0.000107543 -0.000181402 0.0500254)             (2.22499e-06 5.201e-05 0.0507876)
       0.1155             (-0.000107829 -0.000181784 0.0500254)             (2.06112e-06 5.17511e-05 0.0507879)
        0.116             (-0.000108113 -0.000182163 0.0500254)             (1.89729e-06 5.14926e-05 0.0507881)
       0.1165             (-0.000108396 -0.00018254 0.0500254)             (1.73351e-06 5.12346e-05 0.0507884)
        0.117             (-0.000108677 -0.000182914 0.0500255)             (1.56978e-06 5.0977e-05 0.0507886)
       0.1175             (-0.000108956 -0.000183286 0.0500255)             (1.40611e-06 5.07199e-05 0.0507889)
        0.118             (-0.000109234 -0.000183655 0.0500255)             (1.24252e-06 5.04632e-05 0.0507891)
       0.1185             (-0.000109511 -0.000184021 0.0500256)             (1.079e-06 5.0207e-05 0.0507893)
        0.119             (-0.000109786 -0.000184385 0.0500256)             (9.15562e-07 4.99514e-05 0.0507896)
       0.1195             (-0.00011006 -0.000184746 0.0500256)             (7.52223e-07 4.96962e-05 0.0507898)
         0.12             (-0.000110332 -0.000185105 0.0500257)             (5.88985e-07 4.94416e-05 0.05079)
       0.1205             (-0.000110602 -0.000185461 0.0500257)             (4.25857e-07 4.91875e-05 0.0507902)
        0.121             (-0.000110871 -0.000185815 0.0500257)             (2.62846e-07 4.89339e-05 0.0507904)
       0.1215             (-0.000111139 -0.000186166 0.0500257)             (9.99597e-08 4.86809e-05 0.0507907)
        0.122             (-0.000111405 -0.000186515 0.0500258)             (-6.27924e-08 4.84285e-05 0.0507909)
       0.1225             (-0.000111669 -0.000186862 0.0500258)             (-2.25409e-07 4.81766e-05 0.0507911)
        0.123             (-0.000111933 -0.000187206 0.0500258)             (-3.87879e-07 4.79253e-05 0.0507913)
       0.1235             (-0.000112194 -0.000187547 0.0500259)             (-5.50197e-07 4.76746e-05 0.0507915)
        0.124             (-0.000112455 -0.000187886 0.0500259)             (-7.12356e-07 4.74245e-05 0.0507917)
       0.1245             (-0.000112713 -0.000188223 0.0500259)             (-8.74348e-07 4.7175e-05 0.0507919)
        0.125             (-0.000112971 -0.000188558 0.0500259)             (-1.03617e-06 4.69262e-05 0.050792)
       0.1255             (-0.000113227 -0.00018889 0.050026)             (-1.19781e-06 4.66779e-05 0.0507922)
        0.126             (-0.000113481 -0.000189219 0.050026)             (-1.35926e-06 4.64303e-05 0.0507924)
       0.1265             (-0.000113734 -0.000189547 0.050026)             (-1.52052e-06 4.61834e-05 0.0507926)
        0.127             (-0.000113986 -0.000189872 0.0500261)             (-1.68159e-06 4.59371e-05 0.0507928)
       0.1275             (-0.000114236 -0.000190195 0.0500261)             (-1.84245e-06 4.56915e-05 0.0507929)
        0.128             (-0.000114485 -0.000190515 0.0500261)             (-2.0031e-06 4.54465e-05 0.0507931)
       0.1285             (-0.000114732 -0.000190834 0.0500261)             (-2.16354e-06 4.52022e-05 0.0507933)
        0.129             (-0.000114978 -0.00019115 0.0500262)             (-2.32375e-06 4.49586e-05 0.0507934)
       0.1295             (-0.000115223 -0.000191464 0.0500262)             (-2.48373e-06 4.47157e-05 0.0507936)
         0.13             (-0.000115466 -0.000191775 0.0500262)             (-2.64349e-06 4.44734e-05 0.0507938)
       0.1305             (-0.000115708 -0.000192085 0.0500262)             (-2.803e-06 4.42319e-05 0.0507939)
        0.131             (-0.000115949 -0.000192392 0.0500263)             (-2.96227e-06 4.39911e-05 0.0507941)
       0.1315             (-0.000116188 -0.000192697 0.0500263)             (-3.1213e-06 4.3751e-05 0.0507942)
        0.132             (-0.000116425 -0.000193 0.0500263)             (-3.28006e-06 4.35116e-05 0.0507944)
       0.1325             (-0.000116662 -0.000193301 0.0500263)             (-3.43857e-06 4.32729e-05 0.0507945)
        0.133             (-0.000116897 -0.000193599 0.0500264)             (-3.59682e-06 4.3035e-05 0.0507947)
       0.1335             (-0.000117131 -0.000193896 0.0500264)             (-3.75479e-06 4.27978e-05 0.0507948)
        0.134             (-0.000117363 -0.00019419 0.0500264)             (-3.9125e-06 4.25613e-05 0.050795)
       0.1345             (-0.000117594 -0.000194483 0.0500264)             (-4.06992e-06 4.23256e-05 0.0507951)
        0.135             (-0.000117824 -0.000194773 0.0500265)             (-4.22706e-06 4.20906e-05 0.0507952)
       0.1355             (-0.000118052 -0.000195061 0.0500265)             (-4.38391e-06 4.18564e-05 0.0507954)
        0.136             (-0.000118279 -0.000195347 0.0500265)             (-4.54047e-06 4.1623e-05 0.0507955)
       0.1365             (-0.000118505 -0.000195632 0.0500265)             (-4.69674e-06 4.13903e-05 0.0507956)
        0.137             (-0.00011873 -0.000195914 0.0500266)             (-4.8527e-06 4.11584e-05 0.0507958)
       0.1375             (-0.000118953 -0.000196194 0.0500266)             (-5.00836e-06 4.09272e-05 0.0507959)
        0.138             (-0.000119175 -0.000196472 0.0500266)             (-5.16371e-06 4.06968e-05 0.050796)
       0.1385             (-0.000119395 -0.000196748 0.0500266)             (-5.31875e-06 4.04672e-05 0.0507961)
        0.139             (-0.000119615 -0.000197023 0.0500267)             (-5.47347e-06 4.02384e-05 0.0507962)
       0.1395             (-0.000119833 -0.000197295 0.0500267)             (-5.62787e-06 4.00104e-05 0.0507964)
         0.14             (-0.00012005 -0.000197565 0.0500267)             (-5.78194e-06 3.97832e-05 0.0507965)
       0.1405             (-0.000120265 -0.000197834 0.0500267)             (-5.93568e-06 3.95567e-05 0.0507966)
        0.141             (-0.00012048 -0.0001981 0.0500267)             (-6.0891e-06 3.9331e-05 0.0507967)
       0.1415             (-0.000120693 -0.000198365 0.0500268)             (-6.24218e-06 3.91062e-05 0.0507968)
        0.142             (-0.000120904 -0.000198628 0.0500268)             (-6.39491e-06 3.88821e-05 0.0507969)
       0.1425             (-0.000121115 -0.000198888 0.0500268)             (-6.54731e-06 3.86589e-05 0.050797)
        0.143             (-0.000121324 -0.000199148 0.0500268)             (-6.69936e-06 3.84364e-05 0.0507971)
       0.1435             (-0.000121532 -0.000199405 0.0500269)             (-6.85106e-06 3.82148e-05 0.0507972)
        0.144             (-0.000121739 -0.00019966 0.0500269)             (-7.00241e-06 3.79939e-05 0.0507973)
       0.1445             (-0.000121945 -0.000199914 0.0500269)             (-7.1534e-06 3.77739e-05 0.0507974)
        0.145             (-0.00012215 -0.000200165 0.0500269)             (-7.30404e-06 3.75547e-05 0.0507975)
       0.1455             (-0.000122353 -0.000200415 0.0500269)             (-7.45431e-06 3.73363e-05 0.0507976)
        0.146             (-0.000122555 -0.000200663 0.050027)             (-7.60422e-06 3.71187e-05 0.0507977)
       0.1465             (-0.000122756 -0.00020091 0.050027)             (-7.75376e-06 3.6902e-05 0.0507978)
        0.147             (-0.000122956 -0.000201155 0.050027)             (-7.90293e-06 3.6686e-05 0.0507979)
       0.1475             (-0.000123154 -0.000201397 0.050027)             (-8.05172e-06 3.64709e-05 0.050798)
        0.148             (-0.000123351 -0.000201639 0.050027)             (-8.20014e-06 3.62566e-05 0.0507981)
       0.1485             (-0.000123548 -0.000201878 0.0500271)             (-8.34819e-06 3.60431e-05 0.0507982)
        0.149             (-0.000123743 -0.000202116 0.0500271)             (-8.49585e-06 3.58305e-05 0.0507983)
       0.1495             (-0.000123937 -0.000202352 0.0500271)             (-8.64313e-06 3.56187e-05 0.0507983)
         0.15             (-0.000124129 -0.000202586 0.0500271)             (-8.79003e-06 3.54077e-05 0.0507984)
       0.1505             (-0.000124321 -0.000202819 0.0500271)             (-8.93653e-06 3.51975e-05 0.0507985)
        0.151             (-0.000124511 -0.00020305 0.0500272)             (-9.08264e-06 3.49881e-05 0.0507986)
       0.1515             (-0.000124701 -0.000203279 0.0500272)             (-9.22837e-06 3.47796e-05 0.0507987)
        0.152             (-0.000124889 -0.000203507 0.0500272)             (-9.37369e-06 3.45719e-05 0.0507987)
       0.1525             (-0.000125076 -0.000203733 0.0500272)             (-9.51862e-06 3.43651e-05 0.0507988)
        0.153             (-0.000125262 -0.000203958 0.0500272)             (-9.66315e-06 3.41591e-05 0.0507989)
       0.1535             (-0.000125447 -0.000204181 0.0500273)             (-9.80728e-06 3.39539e-05 0.050799)
        0.154             (-0.00012563 -0.000204402 0.0500273)             (-9.95101e-06 3.37495e-05 0.050799)
       0.1545             (-0.000125813 -0.000204622 0.0500273)             (-1.00943e-05 3.3546e-05 0.0507991)
        0.155             (-0.000125995 -0.00020484 0.0500273)             (-1.02372e-05 3.33433e-05 0.0507992)
       0.1555             (-0.000126175 -0.000205056 0.0500273)             (-1.03798e-05 3.31414e-05 0.0507992)
        0.156             (-0.000126354 -0.000205271 0.0500273)             (-1.05218e-05 3.29404e-05 0.0507993)
       0.1565             (-0.000126533 -0.000205485 0.0500274)             (-1.06635e-05 3.27402e-05 0.0507994)
        0.157             (-0.00012671 -0.000205697 0.0500274)             (-1.08048e-05 3.25408e-05 0.0507994)
       0.1575             (-0.000126886 -0.000205907 0.0500274)             (-1.09457e-05 3.23423e-05 0.0507995)
        0.158             (-0.000127061 -0.000206116 0.0500274)             (-1.10861e-05 3.21446e-05 0.0507996)
       0.1585             (-0.000127235 -0.000206324 0.0500274)             (-1.12261e-05 3.19477e-05 0.0507996)
        0.159             (-0.000127408 -0.00020653 0.0500275)             (-1.13657e-05 3.17516e-05 0.0507997)
       0.1595             (-0.00012758 -0.000206734 0.0500275)             (-1.15049e-05 3.15564e-05 0.0507997)
         0.16             (-0.000127751 -0.000206937 0.0500275)             (-1.16436e-05 3.1362e-05 0.0507998)
       0.1605             (-0.000127921 -0.000207139 0.0500275)             (-1.1782e-05 3.11684e-05 0.0507999)
        0.161             (-0.00012809 -0.000207339 0.0500275)             (-1.19199e-05 3.09757e-05 0.0507999)
       0.1615             (-0.000128258 -0.000207538 0.0500275)             (-1.20574e-05 3.07838e-05 0.0508)
        0.162             (-0.000128425 -0.000207735 0.0500276)             (-1.21944e-05 3.05927e-05 0.0508)
       0.1625             (-0.00012859 -0.000207931 0.0500276)             (-1.2331e-05 3.04024e-05 0.0508001)
        0.163             (-0.000128755 -0.000208126 0.0500276)             (-1.24672e-05 3.0213e-05 0.0508001)
       0.1635             (-0.000128919 -0.000208319 0.0500276)             (-1.2603e-05 3.00244e-05 0.0508002)
        0.164             (-0.000129082 -0.000208511 0.0500276)             (-1.27383e-05 2.98365e-05 0.0508002)
       0.1645             (-0.000129244 -0.000208701 0.0500276)             (-1.28733e-05 2.96493e-05 0.0508003)
        0.165             (-0.000129404 -0.00020889 0.0500276)             (-1.30078e-05 2.94627e-05 0.0508003)
       0.1655             (-0.000129564 -0.000209078 0.0500277)             (-1.31419e-05 2.92767e-05 0.0508004)
        0.166             (-0.000129723 -0.000209264 0.0500277)             (-1.32757e-05 2.90914e-05 0.0508004)
       0.1665             (-0.000129881 -0.000209449 0.0500277)             (-1.3409e-05 2.89067e-05 0.0508005)
        0.167             (-0.000130038 -0.000209633 0.0500277)             (-1.35419e-05 2.87227e-05 0.0508005)
       0.1675             (-0.000130194 -0.000209815 0.0500277)             (-1.36744e-05 2.85393e-05 0.0508006)
        0.168             (-0.000130349 -0.000209996 0.0500277)             (-1.38065e-05 2.83566e-05 0.0508006)
       0.1685             (-0.000130503 -0.000210176 0.0500278)             (-1.39382e-05 2.81745e-05 0.0508007)
        0.169             (-0.000130656 -0.000210354 0.0500278)             (-1.40694e-05 2.7993e-05 0.0508007)
       0.1695             (-0.000130809 -0.000210531 0.0500278)             (-1.42003e-05 2.78122e-05 0.0508007)
         0.17             (-0.00013096 -0.000210707 0.0500278)             (-1.43307e-05 2.76321e-05 0.0508008)
       0.1705             (-0.00013111 -0.000210882 0.0500278)             (-1.44607e-05 2.74526e-05 0.0508008)
        0.171             (-0.00013126 -0.000211056 0.0500278)             (-1.45903e-05 2.72738e-05 0.0508009)
       0.1715             (-0.000131408 -0.000211228 0.0500278)             (-1.47194e-05 2.70956e-05 0.0508009)
        0.172             (-0.000131556 -0.000211399 0.0500278)             (-1.48481e-05 2.69181e-05 0.050801)
       0.1725             (-0.000131703 -0.000211568 0.0500279)             (-1.49764e-05 2.67413e-05 0.050801)
        0.173             (-0.000131849 -0.000211737 0.0500279)             (-1.51043e-05 2.65651e-05 0.050801)
       0.1735             (-0.000131993 -0.000211904 0.0500279)             (-1.52317e-05 2.63896e-05 0.0508011)
        0.174             (-0.000132137 -0.000212071 0.0500279)             (-1.53588e-05 2.62148e-05 0.0508011)
       0.1745             (-0.000132281 -0.000212235 0.0500279)             (-1.54853e-05 2.60406e-05 0.0508011)
        0.175             (-0.000132423 -0.000212399 0.0500279)             (-1.56115e-05 2.58671e-05 0.0508012)
       0.1755             (-0.000132564 -0.000212562 0.0500279)             (-1.57372e-05 2.56943e-05 0.0508012)
        0.176             (-0.000132705 -0.000212723 0.050028)             (-1.58625e-05 2.55222e-05 0.0508013)
       0.1765             (-0.000132844 -0.000212884 0.050028)             (-1.59873e-05 2.53507e-05 0.0508013)
        0.177             (-0.000132983 -0.000213043 0.050028)             (-1.61117e-05 2.51799e-05 0.0508013)
       0.1775             (-0.000133121 -0.000213201 0.050028)             (-1.62357e-05 2.50098e-05 0.0508014)
        0.178             (-0.000133258 -0.000213358 0.050028)             (-1.63593e-05 2.48403e-05 0.0508014)
       0.1785             (-0.000133395 -0.000213514 0.050028)             (-1.64824e-05 2.46716e-05 0.0508014)
        0.179             (-0.00013353 -0.000213668 0.050028)             (-1.6605e-05 2.45035e-05 0.0508015)
       0.1795             (-0.000133664 -0.000213822 0.050028)             (-1.67272e-05 2.43361e-05 0.0508015)
         0.18             (-0.000133798 -0.000213974 0.0500281)             (-1.6849e-05 2.41694e-05 0.0508015)
       0.1805             (-0.000133931 -0.000214126 0.0500281)             (-1.69703e-05 2.40034e-05 0.0508016)
        0.181             (-0.000134063 -0.000214276 0.0500281)             (-1.70912e-05 2.3838e-05 0.0508016)
       0.1815             (-0.000134194 -0.000214425 0.0500281)             (-1.72117e-05 2.36734e-05 0.0508016)
        0.182             (-0.000134325 -0.000214574 0.0500281)             (-1.73317e-05 2.35094e-05 0.0508016)
       0.1825             (-0.000134454 -0.000214721 0.0500281)             (-1.74513e-05 2.33461e-05 0.0508017)
        0.183             (-0.000134583 -0.000214867 0.0500281)             (-1.75704e-05 2.31835e-05 0.0508017)
       0.1835             (-0.000134711 -0.000215012 0.0500281)             (-1.76891e-05 2.30216e-05 0.0508017)
        0.184             (-0.000134839 -0.000215156 0.0500281)             (-1.78073e-05 2.28604e-05 0.0508018)
       0.1845             (-0.000134965 -0.000215299 0.0500282)             (-1.79251e-05 2.26999e-05 0.0508018)
        0.185             (-0.000135091 -0.000215441 0.0500282)             (-1.80425e-05 2.254e-05 0.0508018)
       0.1855             (-0.000135216 -0.000215582 0.0500282)             (-1.81594e-05 2.23808e-05 0.0508018)
        0.186             (-0.00013534 -0.000215722 0.0500282)             (-1.82758e-05 2.22224e-05 0.0508019)
       0.1865             (-0.000135463 -0.000215861 0.0500282)             (-1.83919e-05 2.20646e-05 0.0508019)
        0.187             (-0.000135585 -0.000215999 0.0500282)             (-1.85074e-05 2.19075e-05 0.0508019)
       0.1875             (-0.000135707 -0.000216136 0.0500282)             (-1.86226e-05 2.17511e-05 0.0508019)
        0.188             (-0.000135828 -0.000216272 0.0500282)             (-1.87372e-05 2.15954e-05 0.050802)
       0.1885             (-0.000135949 -0.000216407 0.0500282)             (-1.88515e-05 2.14403e-05 0.050802)
        0.189             (-0.000136068 -0.000216541 0.0500283)             (-1.89653e-05 2.1286e-05 0.050802)
       0.1895             (-0.000136187 -0.000216674 0.0500283)             (-1.90786e-05 2.11323e-05 0.050802)
         0.19             (-0.000136305 -0.000216806 0.0500283)             (-1.91915e-05 2.09794e-05 0.0508021)
       0.1905             (-0.000136422 -0.000216937 0.0500283)             (-1.9304e-05 2.08271e-05 0.0508021)
        0.191             (-0.000136539 -0.000217068 0.0500283)             (-1.9416e-05 2.06755e-05 0.0508021)
       0.1915             (-0.000136654 -0.000217197 0.0500283)             (-1.95275e-05 2.05246e-05 0.0508021)
        0.192             (-0.00013677 -0.000217325 0.0500283)             (-1.96386e-05 2.03744e-05 0.0508021)
       0.1925             (-0.000136884 -0.000217453 0.0500283)             (-1.97493e-05 2.02248e-05 0.0508022)
        0.193             (-0.000136998 -0.00021758 0.0500283)             (-1.98596e-05 2.0076e-05 0.0508022)
       0.1935             (-0.000137111 -0.000217705 0.0500283)             (-1.99693e-05 1.99278e-05 0.0508022)
        0.194             (-0.000137223 -0.00021783 0.0500283)             (-2.00787e-05 1.97803e-05 0.0508022)
       0.1945             (-0.000137334 -0.000217954 0.0500284)             (-2.01876e-05 1.96335e-05 0.0508022)
        0.195             (-0.000137445 -0.000218077 0.0500284)             (-2.0296e-05 1.94874e-05 0.0508023)
       0.1955             (-0.000137555 -0.000218199 0.0500284)             (-2.04041e-05 1.9342e-05 0.0508023)
        0.196             (-0.000137665 -0.000218321 0.0500284)             (-2.05116e-05 1.91972e-05 0.0508023)
       0.1965             (-0.000137773 -0.000218441 0.0500284)             (-2.06188e-05 1.90532e-05 0.0508023)
        0.197             (-0.000137881 -0.000218561 0.0500284)             (-2.07255e-05 1.89098e-05 0.0508023)
       0.1975             (-0.000137989 -0.00021868 0.0500284)             (-2.08317e-05 1.8767e-05 0.0508024)
        0.198             (-0.000138096 -0.000218798 0.0500284)             (-2.09375e-05 1.8625e-05 0.0508024)
       0.1985             (-0.000138202 -0.000218915 0.0500284)             (-2.10429e-05 1.84836e-05 0.0508024)
        0.199             (-0.000138307 -0.000219031 0.0500284)             (-2.11478e-05 1.83429e-05 0.0508024)
       0.1995             (-0.000138412 -0.000219146 0.0500284)             (-2.12523e-05 1.82029e-05 0.0508024)
          0.2             (-0.000138516 -0.000219261 0.0500285)             (-2.13564e-05 1.80636e-05 0.0508024)
       0.2005             (-0.000138619 -0.000219375 0.0500285)             (-2.146e-05 1.79249e-05 0.0508025)
        0.201             (-0.000138722 -0.000219488 0.0500285)             (-2.15632e-05 1.77869e-05 0.0508025)
       0.2015             (-0.000138824 -0.0002196 0.0500285)             (-2.16659e-05 1.76495e-05 0.0508025)
        0.202             (-0.000138925 -0.000219711 0.0500285)             (-2.17682e-05 1.75129e-05 0.0508025)
       0.2025             (-0.000139026 -0.000219822 0.0500285)             (-2.18701e-05 1.73768e-05 0.0508025)
        0.203             (-0.000139126 -0.000219932 0.0500285)             (-2.19716e-05 1.72415e-05 0.0508025)
       0.2035             (-0.000139226 -0.000220041 0.0500285)             (-2.20726e-05 1.71068e-05 0.0508025)
        0.204             (-0.000139325 -0.000220149 0.0500285)             (-2.21731e-05 1.69728e-05 0.0508026)
       0.2045             (-0.000139423 -0.000220257 0.0500285)             (-2.22733e-05 1.68395e-05 0.0508026)
        0.205             (-0.00013952 -0.000220363 0.0500285)             (-2.2373e-05 1.67068e-05 0.0508026)
       0.2055             (-0.000139618 -0.000220469 0.0500285)             (-2.24723e-05 1.65747e-05 0.0508026)
        0.206             (-0.000139714 -0.000220575 0.0500285)             (-2.25711e-05 1.64433e-05 0.0508026)
       0.2065             (-0.00013981 -0.000220679 0.0500286)             (-2.26696e-05 1.63126e-05 0.0508026)
        0.207             (-0.000139905 -0.000220783 0.0500286)             (-2.27676e-05 1.61825e-05 0.0508026)
       0.2075             (-0.000139999 -0.000220886 0.0500286)             (-2.28652e-05 1.60531e-05 0.0508026)
        0.208             (-0.000140093 -0.000220988 0.0500286)             (-2.29623e-05 1.59243e-05 0.0508027)
       0.2085             (-0.000140187 -0.00022109 0.0500286)             (-2.3059e-05 1.57961e-05 0.0508027)
        0.209             (-0.00014028 -0.00022119 0.0500286)             (-2.31553e-05 1.56687e-05 0.0508027)
       0.2095             (-0.000140372 -0.000221291 0.0500286)             (-2.32512e-05 1.55418e-05 0.0508027)
         0.21             (-0.000140463 -0.00022139 0.0500286)             (-2.33467e-05 1.54156e-05 0.0508027)
       0.2105             (-0.000140554 -0.000221489 0.0500286)             (-2.34417e-05 1.529e-05 0.0508027)
        0.211             (-0.000140645 -0.000221587 0.0500286)             (-2.35364e-05 1.51651e-05 0.0508027)
       0.2115             (-0.000140735 -0.000221684 0.0500286)             (-2.36306e-05 1.50408e-05 0.0508027)
        0.212             (-0.000140824 -0.000221781 0.0500286)             (-2.37243e-05 1.49172e-05 0.0508027)
       0.2125             (-0.000140913 -0.000221877 0.0500286)             (-2.38177e-05 1.47941e-05 0.0508027)
        0.213             (-0.000141001 -0.000221972 0.0500286)             (-2.39107e-05 1.46718e-05 0.0508027)
       0.2135             (-0.000141088 -0.000222066 0.0500286)             (-2.40032e-05 1.455e-05 0.0508028)
        0.214             (-0.000141175 -0.00022216 0.0500287)             (-2.40953e-05 1.44288e-05 0.0508028)
       0.2145             (-0.000141262 -0.000222254 0.0500287)             (-2.41871e-05 1.43083e-05 0.0508028)
        0.215             (-0.000141348 -0.000222346 0.0500287)             (-2.42784e-05 1.41884e-05 0.0508028)
       0.2155             (-0.000141433 -0.000222438 0.0500287)             (-2.43693e-05 1.40692e-05 0.0508028)
        0.216             (-0.000141518 -0.000222529 0.0500287)             (-2.44597e-05 1.39505e-05 0.0508028)
       0.2165             (-0.000141602 -0.00022262 0.0500287)             (-2.45498e-05 1.38325e-05 0.0508028)
        0.217             (-0.000141686 -0.00022271 0.0500287)             (-2.46395e-05 1.37151e-05 0.0508028)
       0.2175             (-0.000141769 -0.000222799 0.0500287)             (-2.47288e-05 1.35983e-05 0.0508028)
        0.218             (-0.000141852 -0.000222888 0.0500287)             (-2.48176e-05 1.34821e-05 0.0508028)
       0.2185             (-0.000141934 -0.000222976 0.0500287)             (-2.49061e-05 1.33665e-05 0.0508028)
        0.219             (-0.000142016 -0.000223064 0.0500287)             (-2.49941e-05 1.32515e-05 0.0508028)
       0.2195             (-0.000142097 -0.000223151 0.0500287)             (-2.50818e-05 1.31371e-05 0.0508028)
         0.22             (-0.000142177 -0.000223237 0.0500287)             (-2.5169e-05 1.30233e-05 0.0508029)
       0.2205             (-0.000142258 -0.000223323 0.0500287)             (-2.52559e-05 1.29102e-05 0.0508029)
        0.221             (-0.000142337 -0.000223408 0.0500287)             (-2.53424e-05 1.27976e-05 0.0508029)
       0.2215             (-0.000142416 -0.000223492 0.0500287)             (-2.54284e-05 1.26856e-05 0.0508029)
        0.222             (-0.000142495 -0.000223576 0.0500287)             (-2.55141e-05 1.25742e-05 0.0508029)
       0.2225             (-0.000142573 -0.000223659 0.0500287)             (-2.55994e-05 1.24634e-05 0.0508029)
        0.223             (-0.00014265 -0.000223742 0.0500288)             (-2.56843e-05 1.23532e-05 0.0508029)
       0.2235             (-0.000142727 -0.000223824 0.0500288)             (-2.57687e-05 1.22436e-05 0.0508029)
        0.224             (-0.000142804 -0.000223905 0.0500288)             (-2.58529e-05 1.21345e-05 0.0508029)
       0.2245             (-0.00014288 -0.000223986 0.0500288)             (-2.59366e-05 1.20261e-05 0.0508029)
        0.225             (-0.000142955 -0.000224067 0.0500288)             (-2.60199e-05 1.19182e-05 0.0508029)
       0.2255             (-0.000143031 -0.000224146 0.0500288)             (-2.61028e-05 1.18109e-05 0.0508029)
        0.226             (-0.000143105 -0.000224226 0.0500288)             (-2.61854e-05 1.17042e-05 0.0508029)
       0.2265             (-0.000143179 -0.000224304 0.0500288)             (-2.62676e-05 1.1598e-05 0.0508029)
        0.227             (-0.000143253 -0.000224382 0.0500288)             (-2.63494e-05 1.14924e-05 0.0508029)
       0.2275             (-0.000143326 -0.00022446 0.0500288)             (-2.64308e-05 1.13874e-05 0.0508029)
        0.228             (-0.000143399 -0.000224537 0.0500288)             (-2.65118e-05 1.1283e-05 0.0508029)
       0.2285             (-0.000143471 -0.000224613 0.0500288)             (-2.65924e-05 1.11791e-05 0.0508029)
        0.229             (-0.000143543 -0.000224689 0.0500288)             (-2.66727e-05 1.10758e-05 0.0508029)
       0.2295             (-0.000143614 -0.000224765 0.0500288)             (-2.67526e-05 1.0973e-05 0.0508029)
         0.23             (-0.000143685 -0.00022484 0.0500288)             (-2.68321e-05 1.08708e-05 0.0508029)
       0.2305             (-0.000143755 -0.000224914 0.0500288)             (-2.69113e-05 1.07692e-05 0.0508029)
        0.231             (-0.000143825 -0.000224988 0.0500288)             (-2.69901e-05 1.06681e-05 0.0508029)
       0.2315             (-0.000143895 -0.000225061 0.0500288)             (-2.70685e-05 1.05675e-05 0.0508029)
        0.232             (-0.000143964 -0.000225134 0.0500288)             (-2.71465e-05 1.04675e-05 0.0508029)
       0.2325             (-0.000144032 -0.000225206 0.0500288)             (-2.72242e-05 1.03681e-05 0.0508029)
        0.233             (-0.0001441 -0.000225278 0.0500288)             (-2.73015e-05 1.02692e-05 0.0508029)
       0.2335             (-0.000144168 -0.000225349 0.0500289)             (-2.73784e-05 1.01708e-05 0.050803)
        0.234             (-0.000144235 -0.00022542 0.0500289)             (-2.7455e-05 1.0073e-05 0.050803)
       0.2345             (-0.000144302 -0.00022549 0.0500289)             (-2.75312e-05 9.9757e-06 0.050803)
        0.235             (-0.000144369 -0.00022556 0.0500289)             (-2.7607e-05 9.87894e-06 0.050803)
       0.2355             (-0.000144435 -0.000225629 0.0500289)             (-2.76825e-05 9.78271e-06 0.050803)
        0.236             (-0.0001445 -0.000225698 0.0500289)             (-2.77576e-05 9.68701e-06 0.050803)
       0.2365             (-0.000144565 -0.000225766 0.0500289)             (-2.78324e-05 9.59183e-06 0.050803)
        0.237             (-0.00014463 -0.000225834 0.0500289)             (-2.79068e-05 9.49719e-06 0.050803)
       0.2375             (-0.000144694 -0.000225902 0.0500289)             (-2.79809e-05 9.40306e-06 0.050803)
        0.238             (-0.000144758 -0.000225968 0.0500289)             (-2.80546e-05 9.30946e-06 0.050803)
       0.2385             (-0.000144821 -0.000226035 0.0500289)             (-2.81279e-05 9.21637e-06 0.050803)
        0.239             (-0.000144884 -0.000226101 0.0500289)             (-2.8201e-05 9.1238e-06 0.050803)
       0.2395             (-0.000144947 -0.000226166 0.0500289)             (-2.82736e-05 9.03173e-06 0.050803)
         0.24             (-0.000145009 -0.000226231 0.0500289)             (-2.83459e-05 8.94018e-06 0.050803)
       0.2405             (-0.000145071 -0.000226296 0.0500289)             (-2.84179e-05 8.84914e-06 0.050803)
        0.241             (-0.000145133 -0.00022636 0.0500289)             (-2.84895e-05 8.7586e-06 0.050803)
       0.2415             (-0.000145194 -0.000226424 0.0500289)             (-2.85607e-05 8.66857e-06 0.050803)
        0.242             (-0.000145254 -0.000226487 0.0500289)             (-2.86316e-05 8.57904e-06 0.050803)
       0.2425             (-0.000145314 -0.00022655 0.0500289)             (-2.87022e-05 8.49001e-06 0.050803)
        0.243             (-0.000145374 -0.000226612 0.0500289)             (-2.87725e-05 8.40146e-06 0.050803)
       0.2435             (-0.000145434 -0.000226674 0.0500289)             (-2.88424e-05 8.31343e-06 0.050803)
        0.244             (-0.000145493 -0.000226735 0.0500289)             (-2.89119e-05 8.22587e-06 0.050803)
       0.2445             (-0.000145552 -0.000226796 0.0500289)             (-2.89812e-05 8.13881e-06 0.050803)
        0.245             (-0.00014561 -0.000226857 0.0500289)             (-2.905e-05 8.05223e-06 0.050803)
       0.2455             (-0.000145668 -0.000226917 0.0500289)             (-2.91186e-05 7.96615e-06 0.050803)
        0.246             (-0.000145725 -0.000226977 0.0500289)             (-2.91868e-05 7.88054e-06 0.050803)
       0.2465             (-0.000145783 -0.000227036 0.0500289)             (-2.92547e-05 7.79541e-06 0.050803)
        0.247             (-0.000145839 -0.000227095 0.0500289)             (-2.93223e-05 7.71076e-06 0.050803)
       0.2475             (-0.000145896 -0.000227153 0.050029)             (-2.93895e-05 7.62658e-06 0.050803)
        0.248             (-0.000145952 -0.000227212 0.050029)             (-2.94564e-05 7.54288e-06 0.050803)
       0.2485             (-0.000146008 -0.000227269 0.050029)             (-2.9523e-05 7.45965e-06 0.050803)
        0.249             (-0.000146063 -0.000227327 0.050029)             (-2.95892e-05 7.37689e-06 0.050803)
       0.2495             (-0.000146118 -0.000227383 0.050029)             (-2.96552e-05 7.29459e-06 0.0508029)
         0.25             (-0.000146173 -0.00022744 0.050029)             (-2.97208e-05 7.21276e-06 0.0508029)
       0.2505             (-0.000146227 -0.000227496 0.050029)             (-2.97861e-05 7.13139e-06 0.0508029)
        0.251             (-0.000146281 -0.000227552 0.050029)             (-2.9851e-05 7.05048e-06 0.0508029)
       0.2515             (-0.000146334 -0.000227607 0.050029)             (-2.99157e-05 6.97001e-06 0.0508029)
        0.252             (-0.000146388 -0.000227662 0.050029)             (-2.998e-05 6.89002e-06 0.0508029)
       0.2525             (-0.00014644 -0.000227716 0.050029)             (-3.0044e-05 6.81047e-06 0.0508029)
        0.253             (-0.000146493 -0.000227771 0.050029)             (-3.01077e-05 6.73137e-06 0.0508029)
       0.2535             (-0.000146545 -0.000227824 0.050029)             (-3.01711e-05 6.65272e-06 0.0508029)
        0.254             (-0.000146597 -0.000227878 0.050029)             (-3.02342e-05 6.57452e-06 0.0508029)
       0.2545             (-0.000146648 -0.000227931 0.050029)             (-3.0297e-05 6.49676e-06 0.0508029)
        0.255             (-0.0001467 -0.000227983 0.050029)             (-3.03594e-05 6.41945e-06 0.0508029)
       0.2555             (-0.000146751 -0.000228036 0.050029)             (-3.04216e-05 6.34256e-06 0.0508029)
        0.256             (-0.000146801 -0.000228088 0.050029)             (-3.04834e-05 6.26613e-06 0.0508029)
       0.2565             (-0.000146851 -0.000228139 0.050029)             (-3.0545e-05 6.19011e-06 0.0508029)
        0.257             (-0.000146901 -0.00022819 0.050029)             (-3.06062e-05 6.11454e-06 0.0508029)
       0.2575             (-0.000146951 -0.000228241 0.050029)             (-3.06671e-05 6.03939e-06 0.0508029)
        0.258             (-0.000147 -0.000228292 0.050029)             (-3.07278e-05 5.96469e-06 0.0508029)
       0.2585             (-0.000147049 -0.000228342 0.050029)             (-3.07881e-05 5.89039e-06 0.0508029)
        0.259             (-0.000147097 -0.000228392 0.050029)             (-3.08481e-05 5.81652e-06 0.0508029)
       0.2595             (-0.000147146 -0.000228441 0.050029)             (-3.09078e-05 5.74307e-06 0.0508029)
         0.26             (-0.000147193 -0.00022849 0.050029)             (-3.09673e-05 5.67005e-06 0.0508029)
       0.2605             (-0.000147241 -0.000228539 0.050029)             (-3.10264e-05 5.59744e-06 0.0508029)
        0.261             (-0.000147288 -0.000228587 0.050029)             (-3.10853e-05 5.52525e-06 0.0508029)
       0.2615             (-0.000147335 -0.000228635 0.050029)             (-3.11438e-05 5.45346e-06 0.0508029)
        0.262             (-0.000147382 -0.000228683 0.050029)             (-3.12021e-05 5.3821e-06 0.0508029)
       0.2625             (-0.000147429 -0.00022873 0.050029)             (-3.126e-05 5.31113e-06 0.0508029)
        0.263             (-0.000147475 -0.000228777 0.050029)             (-3.13177e-05 5.24058e-06 0.0508029)
       0.2635             (-0.00014752 -0.000228824 0.050029)             (-3.13751e-05 5.17042e-06 0.0508029)
        0.264             (-0.000147566 -0.000228871 0.050029)             (-3.14322e-05 5.10068e-06 0.0508029)
       0.2645             (-0.000147611 -0.000228917 0.050029)             (-3.1489e-05 5.03132e-06 0.0508029)
        0.265             (-0.000147656 -0.000228962 0.050029)             (-3.15456e-05 4.96238e-06 0.0508029)
       0.2655             (-0.000147701 -0.000229008 0.050029)             (-3.16018e-05 4.89382e-06 0.0508029)
        0.266             (-0.000147745 -0.000229053 0.050029)             (-3.16578e-05 4.82566e-06 0.0508029)
       0.2665             (-0.000147789 -0.000229098 0.050029)             (-3.17135e-05 4.75788e-06 0.0508029)
        0.267             (-0.000147833 -0.000229142 0.050029)             (-3.17689e-05 4.69051e-06 0.0508029)
       0.2675             (-0.000147876 -0.000229187 0.050029)             (-3.18241e-05 4.62351e-06 0.0508029)
        0.268             (-0.000147919 -0.00022923 0.0500291)             (-3.18789e-05 4.55691e-06 0.0508029)
       0.2685             (-0.000147962 -0.000229274 0.0500291)             (-3.19335e-05 4.49068e-06 0.0508028)
        0.269             (-0.000148005 -0.000229317 0.0500291)             (-3.19878e-05 4.42484e-06 0.0508028)
       0.2695             (-0.000148047 -0.00022936 0.0500291)             (-3.20419e-05 4.35938e-06 0.0508028)
         0.27             (-0.000148089 -0.000229403 0.0500291)             (-3.20956e-05 4.29429e-06 0.0508028)
       0.2705             (-0.000148131 -0.000229445 0.0500291)             (-3.21491e-05 4.22958e-06 0.0508028)
        0.271             (-0.000148173 -0.000229487 0.0500291)             (-3.22023e-05 4.16525e-06 0.0508028)
       0.2715             (-0.000148214 -0.000229529 0.0500291)             (-3.22553e-05 4.10128e-06 0.0508028)
        0.272             (-0.000148255 -0.000229571 0.0500291)             (-3.2308e-05 4.03769e-06 0.0508028)
       0.2725             (-0.000148295 -0.000229612 0.0500291)             (-3.23604e-05 3.97445e-06 0.0508028)
        0.273             (-0.000148336 -0.000229653 0.0500291)             (-3.24126e-05 3.91159e-06 0.0508028)
       0.2735             (-0.000148376 -0.000229694 0.0500291)             (-3.24645e-05 3.84909e-06 0.0508028)
        0.274             (-0.000148416 -0.000229734 0.0500291)             (-3.25161e-05 3.78695e-06 0.0508028)
       0.2745             (-0.000148456 -0.000229774 0.0500291)             (-3.25675e-05 3.72517e-06 0.0508028)
        0.275             (-0.000148495 -0.000229814 0.0500291)             (-3.26186e-05 3.66375e-06 0.0508028)
       0.2755             (-0.000148534 -0.000229853 0.0500291)             (-3.26694e-05 3.60268e-06 0.0508028)
        0.276             (-0.000148573 -0.000229893 0.0500291)             (-3.272e-05 3.54197e-06 0.0508028)
       0.2765             (-0.000148612 -0.000229932 0.0500291)             (-3.27704e-05 3.48161e-06 0.0508028)
        0.277             (-0.00014865 -0.00022997 0.0500291)             (-3.28204e-05 3.4216e-06 0.0508028)
       0.2775             (-0.000148688 -0.000230009 0.0500291)             (-3.28703e-05 3.36193e-06 0.0508028)
        0.278             (-0.000148726 -0.000230047 0.0500291)             (-3.29199e-05 3.30262e-06 0.0508028)
       0.2785             (-0.000148764 -0.000230085 0.0500291)             (-3.29692e-05 3.24364e-06 0.0508028)
        0.279             (-0.000148801 -0.000230122 0.0500291)             (-3.30182e-05 3.18501e-06 0.0508028)
       0.2795             (-0.000148838 -0.00023016 0.0500291)             (-3.30671e-05 3.12672e-06 0.0508028)
         0.28             (-0.000148875 -0.000230197 0.0500291)             (-3.31156e-05 3.06877e-06 0.0508028)
       0.2805             (-0.000148912 -0.000230234 0.0500291)             (-3.3164e-05 3.01115e-06 0.0508027)
        0.281             (-0.000148948 -0.00023027 0.0500291)             (-3.32121e-05 2.95387e-06 0.0508027)
       0.2815             (-0.000148984 -0.000230307 0.0500291)             (-3.32599e-05 2.89692e-06 0.0508027)
        0.282             (-0.00014902 -0.000230343 0.0500291)             (-3.33075e-05 2.8403e-06 0.0508027)
       0.2825             (-0.000149056 -0.000230379 0.0500291)             (-3.33548e-05 2.78401e-06 0.0508027)
        0.283             (-0.000149091 -0.000230414 0.0500291)             (-3.34019e-05 2.72805e-06 0.0508027)
       0.2835             (-0.000149126 -0.00023045 0.0500291)             (-3.34488e-05 2.67242e-06 0.0508027)
        0.284             (-0.000149161 -0.000230485 0.0500291)             (-3.34954e-05 2.6171e-06 0.0508027)
       0.2845             (-0.000149196 -0.00023052 0.0500291)             (-3.35418e-05 2.56212e-06 0.0508027)
        0.285             (-0.000149231 -0.000230554 0.0500291)             (-3.3588e-05 2.50745e-06 0.0508027)
       0.2855             (-0.000149265 -0.000230589 0.0500291)             (-3.36339e-05 2.4531e-06 0.0508027)
        0.286             (-0.000149299 -0.000230623 0.0500291)             (-3.36795e-05 2.39906e-06 0.0508027)
       0.2865             (-0.000149333 -0.000230657 0.0500291)             (-3.3725e-05 2.34535e-06 0.0508027)
        0.287             (-0.000149367 -0.00023069 0.0500291)             (-3.37702e-05 2.29193e-06 0.0508027)
       0.2875             (-0.0001494 -0.000230724 0.0500291)             (-3.38152e-05 2.23884e-06 0.0508027)
        0.288             (-0.000149433 -0.000230757 0.0500291)             (-3.38599e-05 2.18605e-06 0.0508027)
       0.2885             (-0.000149466 -0.00023079 0.0500291)             (-3.39044e-05 2.13357e-06 0.0508027)
        0.289             (-0.000149499 -0.000230823 0.0500291)             (-3.39487e-05 2.08141e-06 0.0508027)
       0.2895             (-0.000149532 -0.000230855 0.0500291)             (-3.39928e-05 2.02954e-06 0.0508027)
         0.29             (-0.000149564 -0.000230888 0.0500291)             (-3.40366e-05 1.97797e-06 0.0508027)
       0.2905             (-0.000149596 -0.00023092 0.0500291)             (-3.40802e-05 1.92672e-06 0.0508027)
        0.291             (-0.000149628 -0.000230952 0.0500291)             (-3.41236e-05 1.87575e-06 0.0508027)
       0.2915             (-0.00014966 -0.000230983 0.0500291)             (-3.41668e-05 1.82508e-06 0.0508026)
        0.292             (-0.000149691 -0.000231015 0.0500291)             (-3.42097e-05 1.77472e-06 0.0508026)
       0.2925             (-0.000149722 -0.000231046 0.0500291)             (-3.42524e-05 1.72464e-06 0.0508026)
        0.293             (-0.000149753 -0.000231077 0.0500291)             (-3.42949e-05 1.67485e-06 0.0508026)
       0.2935             (-0.000149784 -0.000231108 0.0500291)             (-3.43372e-05 1.62537e-06 0.0508026)
        0.294             (-0.000149815 -0.000231138 0.0500291)             (-3.43793e-05 1.57616e-06 0.0508026)
       0.2945             (-0.000149845 -0.000231169 0.0500291)             (-3.44211e-05 1.52724e-06 0.0508026)
        0.295             (-0.000149876 -0.000231199 0.0500291)             (-3.44627e-05 1.47862e-06 0.0508026)
       0.2955             (-0.000149906 -0.000231229 0.0500291)             (-3.45041e-05 1.43028e-06 0.0508026)
        0.296             (-0.000149936 -0.000231258 0.0500291)             (-3.45453e-05 1.38222e-06 0.0508026)
       0.2965             (-0.000149965 -0.000231288 0.0500291)             (-3.45863e-05 1.33444e-06 0.0508026)
        0.297             (-0.000149995 -0.000231317 0.0500291)             (-3.46271e-05 1.28693e-06 0.0508026)
       0.2975             (-0.000150024 -0.000231346 0.0500291)             (-3.46676e-05 1.23971e-06 0.0508026)
        0.298             (-0.000150053 -0.000231375 0.0500291)             (-3.4708e-05 1.19277e-06 0.0508026)
       0.2985             (-0.000150082 -0.000231404 0.0500291)             (-3.47481e-05 1.1461e-06 0.0508026)
        0.299             (-0.000150111 -0.000231433 0.0500291)             (-3.47881e-05 1.09971e-06 0.0508026)
       0.2995             (-0.000150139 -0.000231461 0.0500291)             (-3.48278e-05 1.05359e-06 0.0508026)
          0.3             (-0.000150168 -0.000231489 0.0500291)             (-3.48673e-05 1.00773e-06 0.0508026)
       0.3005             (-0.000150196 -0.000231517 0.0500291)             (-3.49066e-05 9.6214e-07 0.0508026)
        0.301             (-0.000150224 -0.000231545 0.0500291)             (-3.49457e-05 9.16826e-07 0.0508026)
       0.3015             (-0.000150252 -0.000231572 0.0500291)             (-3.49846e-05 8.71777e-07 0.0508026)
        0.302             (-0.000150279 -0.0002316 0.0500291)             (-3.50233e-05 8.26988e-07 0.0508025)
       0.3025             (-0.000150307 -0.000231627 0.0500291)             (-3.50618e-05 7.82466e-07 0.0508025)
        0.303             (-0.000150334 -0.000231654 0.0500291)             (-3.51001e-05 7.38196e-07 0.0508025)
       0.3035             (-0.000150361 -0.000231681 0.0500291)             (-3.51382e-05 6.94193e-07 0.0508025)
        0.304             (-0.000150388 -0.000231707 0.0500291)             (-3.51761e-05 6.50452e-07 0.0508025)
       0.3045             (-0.000150415 -0.000231734 0.0500291)             (-3.52138e-05 6.06957e-07 0.0508025)
        0.305             (-0.000150441 -0.00023176 0.0500291)             (-3.52513e-05 5.63726e-07 0.0508025)
       0.3055             (-0.000150468 -0.000231786 0.0500291)             (-3.52886e-05 5.20751e-07 0.0508025)
        0.306             (-0.000150494 -0.000231812 0.0500291)             (-3.53257e-05 4.7802e-07 0.0508025)
       0.3065             (-0.00015052 -0.000231838 0.0500291)             (-3.53626e-05 4.35543e-07 0.0508025)
        0.307             (-0.000150546 -0.000231863 0.0500291)             (-3.53994e-05 3.93317e-07 0.0508025)
       0.3075             (-0.000150571 -0.000231888 0.0500291)             (-3.54359e-05 3.51336e-07 0.0508025)
        0.308             (-0.000150597 -0.000231914 0.0500291)             (-3.54723e-05 3.09612e-07 0.0508025)
       0.3085             (-0.000150622 -0.000231939 0.0500291)             (-3.55084e-05 2.68128e-07 0.0508025)
        0.309             (-0.000150647 -0.000231963 0.0500291)             (-3.55444e-05 2.26881e-07 0.0508025)
       0.3095             (-0.000150672 -0.000231988 0.0500291)             (-3.55801e-05 1.85879e-07 0.0508025)
         0.31             (-0.000150697 -0.000232013 0.0500291)             (-3.56157e-05 1.45128e-07 0.0508025)
       0.3105             (-0.000150722 -0.000232037 0.0500291)             (-3.56511e-05 1.04608e-07 0.0508025)
        0.311             (-0.000150746 -0.000232061 0.0500291)             (-3.56864e-05 6.43275e-08 0.0508025)
       0.3115             (-0.000150771 -0.000232085 0.0500291)             (-3.57214e-05 2.42804e-08 0.0508025)
        0.312             (-0.000150795 -0.000232109 0.0500291)             (-3.57562e-05 -1.55357e-08 0.0508025)
       0.3125             (-0.000150819 -0.000232133 0.0500291)             (-3.57909e-05 -5.51014e-08 0.0508024)
        0.313             (-0.000150843 -0.000232156 0.0500291)             (-3.58254e-05 -9.44408e-08 0.0508024)
       0.3135             (-0.000150867 -0.000232179 0.0500292)             (-3.58597e-05 -1.33552e-07 0.0508024)
        0.314             (-0.00015089 -0.000232203 0.0500292)             (-3.58938e-05 -1.72433e-07 0.0508024)
       0.3145             (-0.000150914 -0.000232226 0.0500292)             (-3.59277e-05 -2.11077e-07 0.0508024)
        0.315             (-0.000150937 -0.000232249 0.0500292)             (-3.59615e-05 -2.49503e-07 0.0508024)
       0.3155             (-0.00015096 -0.000232271 0.0500292)             (-3.59951e-05 -2.87703e-07 0.0508024)
        0.316             (-0.000150983 -0.000232294 0.0500292)             (-3.60285e-05 -3.25668e-07 0.0508024)
       0.3165             (-0.000151006 -0.000232316 0.0500292)             (-3.60617e-05 -3.63419e-07 0.0508024)
        0.317             (-0.000151028 -0.000232338 0.0500292)             (-3.60948e-05 -4.00942e-07 0.0508024)
       0.3175             (-0.000151051 -0.000232361 0.0500292)             (-3.61277e-05 -4.38247e-07 0.0508024)
        0.318             (-0.000151073 -0.000232383 0.0500292)             (-3.61604e-05 -4.75337e-07 0.0508024)
       0.3185             (-0.000151095 -0.000232404 0.0500292)             (-3.61929e-05 -5.12201e-07 0.0508024)
        0.319             (-0.000151117 -0.000232426 0.0500292)             (-3.62253e-05 -5.4885e-07 0.0508024)
       0.3195             (-0.000151139 -0.000232447 0.0500292)             (-3.62574e-05 -5.85281e-07 0.0508024)
         0.32             (-0.000151161 -0.000232469 0.0500292)             (-3.62895e-05 -6.21498e-07 0.0508024)
       0.3205             (-0.000151183 -0.00023249 0.0500292)             (-3.63213e-05 -6.575e-07 0.0508024)
        0.321             (-0.000151204 -0.000232511 0.0500292)             (-3.6353e-05 -6.93292e-07 0.0508024)
       0.3215             (-0.000151226 -0.000232532 0.0500292)             (-3.63845e-05 -7.28876e-07 0.0508024)
        0.322             (-0.000151247 -0.000232553 0.0500292)             (-3.64159e-05 -7.64247e-07 0.0508024)
       0.3225             (-0.000151268 -0.000232573 0.0500292)             (-3.64471e-05 -7.99416e-07 0.0508023)
        0.323             (-0.000151289 -0.000232594 0.0500292)             (-3.64781e-05 -8.34366e-07 0.0508023)
       0.3235             (-0.00015131 -0.000232614 0.0500292)             (-3.65089e-05 -8.69113e-07 0.0508023)
        0.324             (-0.00015133 -0.000232634 0.0500292)             (-3.65396e-05 -9.03659e-07 0.0508023)
       0.3245             (-0.000151351 -0.000232654 0.0500292)             (-3.65701e-05 -9.38004e-07 0.0508023)
        0.325             (-0.000151371 -0.000232674 0.0500292)             (-3.66005e-05 -9.72134e-07 0.0508023)
       0.3255             (-0.000151391 -0.000232694 0.0500292)             (-3.66307e-05 -1.00607e-06 0.0508023)
        0.326             (-0.000151412 -0.000232714 0.0500292)             (-3.66608e-05 -1.03981e-06 0.0508023)
       0.3265             (-0.000151432 -0.000232733 0.0500292)             (-3.66906e-05 -1.07335e-06 0.0508023)
        0.327             (-0.000151451 -0.000232753 0.0500292)             (-3.67204e-05 -1.10669e-06 0.0508023)
       0.3275             (-0.000151471 -0.000232772 0.0500292)             (-3.67499e-05 -1.13982e-06 0.0508023)
        0.328             (-0.000151491 -0.000232791 0.0500292)             (-3.67793e-05 -1.17277e-06 0.0508023)
       0.3285             (-0.00015151 -0.00023281 0.0500292)             (-3.68086e-05 -1.20553e-06 0.0508023)
        0.329             (-0.000151529 -0.000232829 0.0500292)             (-3.68377e-05 -1.23808e-06 0.0508023)
       0.3295             (-0.000151549 -0.000232848 0.0500292)             (-3.68666e-05 -1.27045e-06 0.0508023)
         0.33             (-0.000151568 -0.000232866 0.0500292)             (-3.68954e-05 -1.30263e-06 0.0508023)
       0.3305             (-0.000151587 -0.000232885 0.0500292)             (-3.69241e-05 -1.33462e-06 0.0508023)
        0.331             (-0.000151606 -0.000232903 0.0500292)             (-3.69525e-05 -1.3664e-06 0.0508023)
       0.3315             (-0.000151624 -0.000232921 0.0500292)             (-3.69809e-05 -1.39801e-06 0.0508023)
        0.332             (-0.000151643 -0.00023294 0.0500292)             (-3.70091e-05 -1.42944e-06 0.0508023)
       0.3325             (-0.000151661 -0.000232958 0.0500292)             (-3.70371e-05 -1.46067e-06 0.0508023)
        0.333             (-0.00015168 -0.000232975 0.0500292)             (-3.7065e-05 -1.49172e-06 0.0508023)
       0.3335             (-0.000151698 -0.000232993 0.0500292)             (-3.70927e-05 -1.5226e-06 0.0508022)
        0.334             (-0.000151716 -0.000233011 0.0500292)             (-3.71203e-05 -1.55327e-06 0.0508022)
       0.3345             (-0.000151734 -0.000233028 0.0500292)             (-3.71477e-05 -1.58378e-06 0.0508022)
        0.335             (-0.000151752 -0.000233046 0.0500292)             (-3.7175e-05 -1.61411e-06 0.0508022)
       0.3355             (-0.00015177 -0.000233063 0.0500292)             (-3.72021e-05 -1.64426e-06 0.0508022)
        0.336             (-0.000151787 -0.00023308 0.0500292)             (-3.72291e-05 -1.67422e-06 0.0508022)
       0.3365             (-0.000151805 -0.000233097 0.0500292)             (-3.7256e-05 -1.70401e-06 0.0508022)
        0.337             (-0.000151822 -0.000233114 0.0500292)             (-3.72827e-05 -1.73362e-06 0.0508022)
       0.3375             (-0.000151839 -0.000233131 0.0500292)             (-3.73093e-05 -1.76306e-06 0.0508022)
        0.338             (-0.000151857 -0.000233147 0.0500292)             (-3.73357e-05 -1.79232e-06 0.0508022)
       0.3385             (-0.000151874 -0.000233164 0.0500292)             (-3.7362e-05 -1.82142e-06 0.0508022)
        0.339             (-0.000151891 -0.00023318 0.0500292)             (-3.73881e-05 -1.85034e-06 0.0508022)
       0.3395             (-0.000151907 -0.000233197 0.0500292)             (-3.74141e-05 -1.87908e-06 0.0508022)
         0.34             (-0.000151924 -0.000233213 0.0500292)             (-3.744e-05 -1.90766e-06 0.0508022)
       0.3405             (-0.000151941 -0.000233229 0.0500292)             (-3.74657e-05 -1.93607e-06 0.0508022)
        0.341             (-0.000151957 -0.000233245 0.0500292)             (-3.74913e-05 -1.96432e-06 0.0508022)
       0.3415             (-0.000151974 -0.000233261 0.0500292)             (-3.75167e-05 -1.99239e-06 0.0508022)
        0.342             (-0.00015199 -0.000233277 0.0500292)             (-3.7542e-05 -2.0203e-06 0.0508022)
       0.3425             (-0.000152006 -0.000233293 0.0500292)             (-3.75672e-05 -2.04804e-06 0.0508022)
        0.343             (-0.000152022 -0.000233308 0.0500292)             (-3.75923e-05 -2.07561e-06 0.0508022)
       0.3435             (-0.000152038 -0.000233324 0.0500292)             (-3.76172e-05 -2.10303e-06 0.0508022)
        0.344             (-0.000152054 -0.000233339 0.0500292)             (-3.76419e-05 -2.13029e-06 0.0508022)
       0.3445             (-0.00015207 -0.000233354 0.0500292)             (-3.76666e-05 -2.15738e-06 0.0508021)
        0.345             (-0.000152085 -0.000233369 0.0500292)             (-3.76911e-05 -2.1843e-06 0.0508021)
       0.3455             (-0.000152101 -0.000233384 0.0500292)             (-3.77154e-05 -2.21108e-06 0.0508021)
        0.346             (-0.000152116 -0.000233399 0.0500292)             (-3.77397e-05 -2.23769e-06 0.0508021)
       0.3465             (-0.000152132 -0.000233414 0.0500292)             (-3.77638e-05 -2.26416e-06 0.0508021)
        0.347             (-0.000152147 -0.000233429 0.0500292)             (-3.77878e-05 -2.29045e-06 0.0508021)
       0.3475             (-0.000152162 -0.000233444 0.0500292)             (-3.78116e-05 -2.31659e-06 0.0508021)
        0.348             (-0.000152177 -0.000233458 0.0500292)             (-3.78353e-05 -2.34259e-06 0.0508021)
       0.3485             (-0.000152192 -0.000233473 0.0500292)             (-3.78589e-05 -2.36843e-06 0.0508021)
        0.349             (-0.000152207 -0.000233487 0.0500292)             (-3.78824e-05 -2.3941e-06 0.0508021)
       0.3495             (-0.000152222 -0.000233501 0.0500292)             (-3.79058e-05 -2.41963e-06 0.0508021)
         0.35             (-0.000152236 -0.000233515 0.0500292)             (-3.7929e-05 -2.44501e-06 0.0508021)
       0.3505             (-0.000152251 -0.000233529 0.0500292)             (-3.79521e-05 -2.47025e-06 0.0508021)
        0.351             (-0.000152265 -0.000233543 0.0500292)             (-3.7975e-05 -2.49533e-06 0.0508021)
       0.3515             (-0.00015228 -0.000233557 0.0500292)             (-3.79979e-05 -2.52026e-06 0.0508021)
        0.352             (-0.000152294 -0.000233571 0.0500292)             (-3.80206e-05 -2.54504e-06 0.0508021)
       0.3525             (-0.000152308 -0.000233585 0.0500292)             (-3.80432e-05 -2.56967e-06 0.0508021)
        0.353             (-0.000152322 -0.000233598 0.0500292)             (-3.80656e-05 -2.59417e-06 0.0508021)
       0.3535             (-0.000152336 -0.000233612 0.0500292)             (-3.8088e-05 -2.61851e-06 0.0508021)
        0.354             (-0.00015235 -0.000233625 0.0500292)             (-3.81102e-05 -2.64272e-06 0.0508021)
       0.3545             (-0.000152364 -0.000233639 0.0500292)             (-3.81323e-05 -2.66678e-06 0.0508021)
        0.355             (-0.000152378 -0.000233652 0.0500292)             (-3.81543e-05 -2.69069e-06 0.0508021)
       0.3555             (-0.000152391 -0.000233665 0.0500292)             (-3.81762e-05 -2.71446e-06 0.0508021)
        0.356             (-0.000152405 -0.000233678 0.0500292)             (-3.81979e-05 -2.73809e-06 0.0508021)
       0.3565             (-0.000152418 -0.000233691 0.0500292)             (-3.82196e-05 -2.76159e-06 0.050802)
        0.357             (-0.000152432 -0.000233704 0.0500292)             (-3.82411e-05 -2.78495e-06 0.050802)
       0.3575             (-0.000152445 -0.000233717 0.0500292)             (-3.82625e-05 -2.80815e-06 0.050802)
        0.358             (-0.000152458 -0.000233729 0.0500292)             (-3.82838e-05 -2.83124e-06 0.050802)
       0.3585             (-0.000152471 -0.000233742 0.0500292)             (-3.83049e-05 -2.85418e-06 0.050802)
        0.359             (-0.000152484 -0.000233754 0.0500292)             (-3.8326e-05 -2.87699e-06 0.050802)
       0.3595             (-0.000152497 -0.000233767 0.0500292)             (-3.83469e-05 -2.89966e-06 0.050802)
         0.36             (-0.00015251 -0.000233779 0.0500292)             (-3.83677e-05 -2.92219e-06 0.050802)
       0.3605             (-0.000152523 -0.000233791 0.0500292)             (-3.83885e-05 -2.94459e-06 0.050802)
        0.361             (-0.000152535 -0.000233804 0.0500292)             (-3.84091e-05 -2.96686e-06 0.050802)
       0.3615             (-0.000152548 -0.000233816 0.0500292)             (-3.84295e-05 -2.989e-06 0.050802)
        0.362             (-0.00015256 -0.000233828 0.0500292)             (-3.84499e-05 -3.01101e-06 0.050802)
       0.3625             (-0.000152573 -0.00023384 0.0500292)             (-3.84702e-05 -3.03289e-06 0.050802)
        0.363             (-0.000152585 -0.000233852 0.0500292)             (-3.84903e-05 -3.05463e-06 0.050802)
       0.3635             (-0.000152598 -0.000233863 0.0500292)             (-3.85104e-05 -3.07625e-06 0.050802)
        0.364             (-0.00015261 -0.000233875 0.0500292)             (-3.85303e-05 -3.09774e-06 0.050802)
       0.3645             (-0.000152622 -0.000233887 0.0500292)             (-3.85501e-05 -3.1191e-06 0.050802)
        0.365             (-0.000152634 -0.000233898 0.0500292)             (-3.85699e-05 -3.14034e-06 0.050802)
       0.3655             (-0.000152646 -0.00023391 0.0500292)             (-3.85895e-05 -3.16145e-06 0.050802)
        0.366             (-0.000152658 -0.000233921 0.0500292)             (-3.8609e-05 -3.18243e-06 0.050802)
       0.3665             (-0.000152669 -0.000233932 0.0500292)             (-3.86284e-05 -3.20329e-06 0.050802)
        0.367             (-0.000152681 -0.000233944 0.0500292)             (-3.86477e-05 -3.22403e-06 0.050802)
       0.3675             (-0.000152693 -0.000233955 0.0500292)             (-3.86668e-05 -3.24464e-06 0.050802)
        0.368             (-0.000152704 -0.000233966 0.0500292)             (-3.86859e-05 -3.26514e-06 0.050802)
       0.3685             (-0.000152716 -0.000233977 0.0500292)             (-3.87049e-05 -3.2855e-06 0.050802)
        0.369             (-0.000152727 -0.000233988 0.0500292)             (-3.87238e-05 -3.30575e-06 0.050802)
       0.3695             (-0.000152739 -0.000233999 0.0500292)             (-3.87425e-05 -3.32588e-06 0.0508019)
         0.37             (-0.00015275 -0.00023401 0.0500292)             (-3.87612e-05 -3.34589e-06 0.0508019)
       0.3705             (-0.000152761 -0.00023402 0.0500292)             (-3.87798e-05 -3.36578e-06 0.0508019)
        0.371             (-0.000152772 -0.000234031 0.0500292)             (-3.87982e-05 -3.38556e-06 0.0508019)
       0.3715             (-0.000152783 -0.000234041 0.0500292)             (-3.88166e-05 -3.4052e-06 0.0508019)
        0.372             (-0.000152794 -0.000234052 0.0500292)             (-3.88349e-05 -3.42474e-06 0.0508019)
       0.3725             (-0.000152805 -0.000234062 0.0500292)             (-3.8853e-05 -3.44417e-06 0.0508019)
        0.373             (-0.000152816 -0.000234073 0.0500292)             (-3.88711e-05 -3.46348e-06 0.0508019)
       0.3735             (-0.000152827 -0.000234083 0.0500292)             (-3.8889e-05 -3.48268e-06 0.0508019)
        0.374             (-0.000152837 -0.000234093 0.0500292)             (-3.89069e-05 -3.50176e-06 0.0508019)
       0.3745             (-0.000152848 -0.000234103 0.0500292)             (-3.89247e-05 -3.52072e-06 0.0508019)
        0.375             (-0.000152858 -0.000234113 0.0500292)             (-3.89423e-05 -3.53957e-06 0.0508019)
       0.3755             (-0.000152869 -0.000234124 0.0500292)             (-3.89599e-05 -3.55831e-06 0.0508019)
        0.376             (-0.000152879 -0.000234133 0.0500292)             (-3.89774e-05 -3.57695e-06 0.0508019)
       0.3765             (-0.00015289 -0.000234143 0.0500292)             (-3.89948e-05 -3.59547e-06 0.0508019)
        0.377             (-0.0001529 -0.000234153 0.0500292)             (-3.90121e-05 -3.61387e-06 0.0508019)
       0.3775             (-0.00015291 -0.000234163 0.0500292)             (-3.90292e-05 -3.63217e-06 0.0508019)
        0.378             (-0.00015292 -0.000234173 0.0500292)             (-3.90463e-05 -3.65037e-06 0.0508019)
       0.3785             (-0.00015293 -0.000234182 0.0500292)             (-3.90633e-05 -3.66845e-06 0.0508019)
        0.379             (-0.00015294 -0.000234192 0.0500292)             (-3.90802e-05 -3.68643e-06 0.0508019)
       0.3795             (-0.00015295 -0.000234201 0.0500292)             (-3.90971e-05 -3.7043e-06 0.0508019)
         0.38             (-0.00015296 -0.000234211 0.0500292)             (-3.91138e-05 -3.72207e-06 0.0508019)
       0.3805             (-0.00015297 -0.00023422 0.0500292)             (-3.91304e-05 -3.73972e-06 0.0508019)
        0.381             (-0.00015298 -0.000234229 0.0500292)             (-3.9147e-05 -3.75728e-06 0.0508019)
       0.3815             (-0.000152989 -0.000234239 0.0500292)             (-3.91634e-05 -3.77473e-06 0.0508019)
        0.382             (-0.000152999 -0.000234248 0.0500292)             (-3.91798e-05 -3.79207e-06 0.0508019)
       0.3825             (-0.000153008 -0.000234257 0.0500292)             (-3.9196e-05 -3.80931e-06 0.0508019)
        0.383             (-0.000153018 -0.000234266 0.0500292)             (-3.92122e-05 -3.82646e-06 0.0508019)
       0.3835             (-0.000153027 -0.000234275 0.0500292)             (-3.92283e-05 -3.8435e-06 0.0508019)
        0.384             (-0.000153037 -0.000234284 0.0500292)             (-3.92443e-05 -3.86044e-06 0.0508018)
       0.3845             (-0.000153046 -0.000234293 0.0500292)             (-3.92602e-05 -3.87728e-06 0.0508018)
        0.385             (-0.000153055 -0.000234301 0.0500292)             (-3.9276e-05 -3.89402e-06 0.0508018)
       0.3855             (-0.000153064 -0.00023431 0.0500292)             (-3.92918e-05 -3.91066e-06 0.0508018)
        0.386             (-0.000153073 -0.000234319 0.0500292)             (-3.93074e-05 -3.92719e-06 0.0508018)
       0.3865             (-0.000153082 -0.000234328 0.0500292)             (-3.9323e-05 -3.94363e-06 0.0508018)
        0.387             (-0.000153091 -0.000234336 0.0500292)             (-3.93385e-05 -3.95998e-06 0.0508018)
       0.3875             (-0.0001531 -0.000234345 0.0500292)             (-3.93538e-05 -3.97622e-06 0.0508018)
        0.388             (-0.000153109 -0.000234353 0.0500292)             (-3.93692e-05 -3.99237e-06 0.0508018)
       0.3885             (-0.000153118 -0.000234362 0.0500292)             (-3.93844e-05 -4.00843e-06 0.0508018)
        0.389             (-0.000153127 -0.00023437 0.0500292)             (-3.93995e-05 -4.02439e-06 0.0508018)
       0.3895             (-0.000153136 -0.000234378 0.0500292)             (-3.94146e-05 -4.04026e-06 0.0508018)
         0.39             (-0.000153144 -0.000234386 0.0500292)             (-3.94295e-05 -4.05603e-06 0.0508018)
       0.3905             (-0.000153153 -0.000234395 0.0500292)             (-3.94444e-05 -4.07171e-06 0.0508018)
        0.391             (-0.000153161 -0.000234403 0.0500292)             (-3.94592e-05 -4.08729e-06 0.0508018)
       0.3915             (-0.00015317 -0.000234411 0.0500292)             (-3.9474e-05 -4.10278e-06 0.0508018)
        0.392             (-0.000153178 -0.000234419 0.0500292)             (-3.94886e-05 -4.11818e-06 0.0508018)
       0.3925             (-0.000153187 -0.000234427 0.0500292)             (-3.95032e-05 -4.13348e-06 0.0508018)
        0.393             (-0.000153195 -0.000234435 0.0500292)             (-3.95177e-05 -4.1487e-06 0.0508018)
       0.3935             (-0.000153203 -0.000234442 0.0500292)             (-3.9532e-05 -4.16383e-06 0.0508018)
        0.394             (-0.000153211 -0.00023445 0.0500292)             (-3.95464e-05 -4.17887e-06 0.0508018)
       0.3945             (-0.00015322 -0.000234458 0.0500292)             (-3.95606e-05 -4.19382e-06 0.0508018)
        0.395             (-0.000153228 -0.000234466 0.0500292)             (-3.95748e-05 -4.20868e-06 0.0508018)
       0.3955             (-0.000153236 -0.000234473 0.0500292)             (-3.95889e-05 -4.22344e-06 0.0508018)
        0.396             (-0.000153244 -0.000234481 0.0500292)             (-3.96029e-05 -4.23812e-06 0.0508018)
       0.3965             (-0.000153252 -0.000234489 0.0500292)             (-3.96168e-05 -4.25272e-06 0.0508018)
        0.397             (-0.00015326 -0.000234496 0.0500292)             (-3.96306e-05 -4.26723e-06 0.0508018)
       0.3975             (-0.000153267 -0.000234503 0.0500292)             (-3.96444e-05 -4.28165e-06 0.0508018)
        0.398             (-0.000153275 -0.000234511 0.0500292)             (-3.96581e-05 -4.29599e-06 0.0508018)
       0.3985             (-0.000153283 -0.000234518 0.0500292)             (-3.96717e-05 -4.31025e-06 0.0508018)
        0.399             (-0.000153291 -0.000234525 0.0500292)             (-3.96853e-05 -4.32441e-06 0.0508018)
       0.3995             (-0.000153298 -0.000234533 0.0500292)             (-3.96988e-05 -4.33849e-06 0.0508018)
          0.4             (-0.000153306 -0.00023454 0.0500292)             (-3.97122e-05 -4.35249e-06 0.0508018)
       0.4005             (-0.000153313 -0.000234547 0.0500292)             (-3.97255e-05 -4.36641e-06 0.0508017)
        0.401             (-0.000153321 -0.000234554 0.0500292)             (-3.97387e-05 -4.38025e-06 0.0508017)
       0.4015             (-0.000153328 -0.000234561 0.0500292)             (-3.97519e-05 -4.394e-06 0.0508017)
        0.402             (-0.000153336 -0.000234568 0.0500292)             (-3.9765e-05 -4.40766e-06 0.0508017)
       0.4025             (-0.000153343 -0.000234575 0.0500292)             (-3.9778e-05 -4.42125e-06 0.0508017)
        0.403             (-0.00015335 -0.000234582 0.0500292)             (-3.9791e-05 -4.43476e-06 0.0508017)
       0.4035             (-0.000153357 -0.000234589 0.0500292)             (-3.98039e-05 -4.44818e-06 0.0508017)
        0.404             (-0.000153365 -0.000234596 0.0500292)             (-3.98167e-05 -4.46153e-06 0.0508017)
       0.4045             (-0.000153372 -0.000234603 0.0500292)             (-3.98294e-05 -4.4748e-06 0.0508017)
        0.405             (-0.000153379 -0.000234609 0.0500292)             (-3.98421e-05 -4.488e-06 0.0508017)
       0.4055             (-0.000153386 -0.000234616 0.0500292)             (-3.98547e-05 -4.50111e-06 0.0508017)
        0.406             (-0.000153393 -0.000234623 0.0500292)             (-3.98672e-05 -4.51414e-06 0.0508017)
       0.4065             (-0.0001534 -0.000234629 0.0500292)             (-3.98797e-05 -4.52709e-06 0.0508017)
        0.407             (-0.000153407 -0.000234636 0.0500292)             (-3.98921e-05 -4.53997e-06 0.0508017)
       0.4075             (-0.000153414 -0.000234642 0.0500292)             (-3.99044e-05 -4.55277e-06 0.0508017)
        0.408             (-0.000153421 -0.000234649 0.0500292)             (-3.99166e-05 -4.56549e-06 0.0508017)
       0.4085             (-0.000153427 -0.000234655 0.0500292)             (-3.99288e-05 -4.57815e-06 0.0508017)
        0.409             (-0.000153434 -0.000234662 0.0500292)             (-3.99409e-05 -4.59073e-06 0.0508017)
       0.4095             (-0.000153441 -0.000234668 0.0500292)             (-3.9953e-05 -4.60323e-06 0.0508017)
         0.41             (-0.000153447 -0.000234674 0.0500292)             (-3.9965e-05 -4.61564e-06 0.0508017)
       0.4105             (-0.000153454 -0.00023468 0.0500292)             (-3.99769e-05 -4.628e-06 0.0508017)
        0.411             (-0.000153461 -0.000234687 0.0500292)             (-3.99887e-05 -4.64029e-06 0.0508017)
       0.4115             (-0.000153467 -0.000234693 0.0500292)             (-4.00005e-05 -4.65249e-06 0.0508017)
        0.412             (-0.000153474 -0.000234699 0.0500292)             (-4.00122e-05 -4.66462e-06 0.0508017)
       0.4125             (-0.00015348 -0.000234705 0.0500292)             (-4.00238e-05 -4.67668e-06 0.0508017)
        0.413             (-0.000153486 -0.000234711 0.0500292)             (-4.00354e-05 -4.68868e-06 0.0508017)
       0.4135             (-0.000153493 -0.000234717 0.0500292)             (-4.0047e-05 -4.70058e-06 0.0508017)
        0.414             (-0.000153499 -0.000234723 0.0500292)             (-4.00584e-05 -4.71244e-06 0.0508017)
       0.4145             (-0.000153505 -0.000234729 0.0500292)             (-4.00698e-05 -4.72421e-06 0.0508017)
        0.415             (-0.000153511 -0.000234735 0.0500292)             (-4.00811e-05 -4.73592e-06 0.0508017)
       0.4155             (-0.000153518 -0.000234741 0.0500292)             (-4.00924e-05 -4.74756e-06 0.0508017)
        0.416             (-0.000153524 -0.000234746 0.0500292)             (-4.01036e-05 -4.75913e-06 0.0508017)
       0.4165             (-0.00015353 -0.000234752 0.0500292)             (-4.01147e-05 -4.77063e-06 0.0508017)
        0.417             (-0.000153536 -0.000234758 0.0500292)             (-4.01258e-05 -4.78206e-06 0.0508017)
       0.4175             (-0.000153542 -0.000234764 0.0500292)             (-4.01368e-05 -4.79342e-06 0.0508017)
        0.418             (-0.000153548 -0.000234769 0.0500292)             (-4.01478e-05 -4.80471e-06 0.0508017)
       0.4185             (-0.000153554 -0.000234775 0.0500292)             (-4.01587e-05 -4.81594e-06 0.0508017)
        0.419             (-0.00015356 -0.000234781 0.0500292)             (-4.01695e-05 -4.8271e-06 0.0508017)
       0.4195             (-0.000153566 -0.000234786 0.0500292)             (-4.01803e-05 -4.8382e-06 0.0508016)
         0.42             (-0.000153572 -0.000234792 0.0500292)             (-4.0191e-05 -4.84923e-06 0.0508016)
       0.4205             (-0.000153577 -0.000234797 0.0500292)             (-4.02016e-05 -4.86019e-06 0.0508016)
        0.421             (-0.000153583 -0.000234802 0.0500292)             (-4.02122e-05 -4.8711e-06 0.0508016)
       0.4215             (-0.000153589 -0.000234808 0.0500292)             (-4.02227e-05 -4.88192e-06 0.0508016)
        0.422             (-0.000153594 -0.000234813 0.0500292)             (-4.02332e-05 -4.8927e-06 0.0508016)
       0.4225             (-0.0001536 -0.000234819 0.0500292)             (-4.02436e-05 -4.9034e-06 0.0508016)
        0.423             (-0.000153606 -0.000234824 0.0500292)             (-4.0254e-05 -4.91404e-06 0.0508016)
       0.4235             (-0.000153611 -0.000234829 0.0500292)             (-4.02643e-05 -4.92462e-06 0.0508016)
        0.424             (-0.000153617 -0.000234834 0.0500292)             (-4.02745e-05 -4.93513e-06 0.0508016)
       0.4245             (-0.000153622 -0.000234839 0.0500292)             (-4.02847e-05 -4.94559e-06 0.0508016)
        0.425             (-0.000153628 -0.000234845 0.0500292)             (-4.02948e-05 -4.95599e-06 0.0508016)
       0.4255             (-0.000153633 -0.00023485 0.0500292)             (-4.03049e-05 -4.96631e-06 0.0508016)
        0.426             (-0.000153639 -0.000234855 0.0500292)             (-4.03149e-05 -4.97658e-06 0.0508016)
       0.4265             (-0.000153644 -0.00023486 0.0500292)             (-4.03248e-05 -4.98678e-06 0.0508016)
        0.427             (-0.000153649 -0.000234865 0.0500292)             (-4.03347e-05 -4.99693e-06 0.0508016)
       0.4275             (-0.000153655 -0.00023487 0.0500292)             (-4.03445e-05 -5.00702e-06 0.0508016)
        0.428             (-0.00015366 -0.000234875 0.0500292)             (-4.03543e-05 -5.01704e-06 0.0508016)
       0.4285             (-0.000153665 -0.00023488 0.0500292)             (-4.03641e-05 -5.02701e-06 0.0508016)
        0.429             (-0.00015367 -0.000234885 0.0500292)             (-4.03737e-05 -5.03691e-06 0.0508016)
       0.4295             (-0.000153675 -0.000234889 0.0500292)             (-4.03834e-05 -5.04676e-06 0.0508016)
         0.43             (-0.00015368 -0.000234894 0.0500292)             (-4.03929e-05 -5.05655e-06 0.0508016)
       0.4305             (-0.000153686 -0.000234899 0.0500292)             (-4.04024e-05 -5.06628e-06 0.0508016)
        0.431             (-0.000153691 -0.000234904 0.0500292)             (-4.04119e-05 -5.07596e-06 0.0508016)
       0.4315             (-0.000153696 -0.000234909 0.0500292)             (-4.04213e-05 -5.08558e-06 0.0508016)
        0.432             (-0.000153701 -0.000234913 0.0500292)             (-4.04306e-05 -5.09513e-06 0.0508016)
       0.4325             (-0.000153705 -0.000234918 0.0500292)             (-4.044e-05 -5.10462e-06 0.0508016)
        0.433             (-0.00015371 -0.000234922 0.0500292)             (-4.04492e-05 -5.11407e-06 0.0508016)
       0.4335             (-0.000153715 -0.000234927 0.0500292)             (-4.04584e-05 -5.12346e-06 0.0508016)
        0.434             (-0.00015372 -0.000234932 0.0500292)             (-4.04675e-05 -5.1328e-06 0.0508016)
       0.4345             (-0.000153725 -0.000234936 0.0500292)             (-4.04766e-05 -5.14206e-06 0.0508016)
        0.435             (-0.00015373 -0.000234941 0.0500292)             (-4.04857e-05 -5.15129e-06 0.0508016)
       0.4355             (-0.000153735 -0.000234945 0.0500292)             (-4.04946e-05 -5.16046e-06 0.0508016)
        0.436             (-0.000153739 -0.00023495 0.0500292)             (-4.05036e-05 -5.16958e-06 0.0508016)
       0.4365             (-0.000153744 -0.000234954 0.0500292)             (-4.05125e-05 -5.17863e-06 0.0508016)
        0.437             (-0.000153749 -0.000234958 0.0500292)             (-4.05213e-05 -5.18764e-06 0.0508016)
       0.4375             (-0.000153753 -0.000234963 0.0500292)             (-4.05301e-05 -5.1966e-06 0.0508016)
        0.438             (-0.000153758 -0.000234967 0.0500292)             (-4.05388e-05 -5.20548e-06 0.0508016)
       0.4385             (-0.000153762 -0.000234971 0.0500292)             (-4.05475e-05 -5.21432e-06 0.0508016)
        0.439             (-0.000153767 -0.000234976 0.0500292)             (-4.05562e-05 -5.22311e-06 0.0508016)
       0.4395             (-0.000153771 -0.00023498 0.0500292)             (-4.05648e-05 -5.23186e-06 0.0508016)
         0.44             (-0.000153776 -0.000234984 0.0500292)             (-4.05733e-05 -5.24055e-06 0.0508016)
       0.4405             (-0.00015378 -0.000234988 0.0500292)             (-4.05818e-05 -5.24918e-06 0.0508016)
        0.441             (-0.000153785 -0.000234992 0.0500292)             (-4.05902e-05 -5.25777e-06 0.0508016)
       0.4415             (-0.000153789 -0.000234997 0.0500292)             (-4.05986e-05 -5.2663e-06 0.0508016)
        0.442             (-0.000153794 -0.000235001 0.0500292)             (-4.0607e-05 -5.27478e-06 0.0508016)
       0.4425             (-0.000153798 -0.000235005 0.0500292)             (-4.06153e-05 -5.28321e-06 0.0508016)
        0.443             (-0.000153802 -0.000235009 0.0500292)             (-4.06235e-05 -5.2916e-06 0.0508015)
       0.4435             (-0.000153807 -0.000235013 0.0500292)             (-4.06318e-05 -5.29992e-06 0.0508015)
        0.444             (-0.000153811 -0.000235017 0.0500292)             (-4.06399e-05 -5.30822e-06 0.0508015)
       0.4445             (-0.000153815 -0.000235021 0.0500292)             (-4.0648e-05 -5.31644e-06 0.0508015)
        0.445             (-0.000153819 -0.000235025 0.0500292)             (-4.06561e-05 -5.32463e-06 0.0508015)
       0.4455             (-0.000153823 -0.000235029 0.0500292)             (-4.06641e-05 -5.33276e-06 0.0508015)
        0.446             (-0.000153828 -0.000235033 0.0500292)             (-4.06721e-05 -5.34084e-06 0.0508015)
       0.4465             (-0.000153832 -0.000235036 0.0500292)             (-4.06801e-05 -5.34888e-06 0.0508015)
        0.447             (-0.000153836 -0.00023504 0.0500292)             (-4.06879e-05 -5.35688e-06 0.0508015)
       0.4475             (-0.00015384 -0.000235044 0.0500292)             (-4.06958e-05 -5.36482e-06 0.0508015)
        0.448             (-0.000153844 -0.000235048 0.0500292)             (-4.07036e-05 -5.37272e-06 0.0508015)
       0.4485             (-0.000153848 -0.000235052 0.0500292)             (-4.07113e-05 -5.38056e-06 0.0508015)
        0.449             (-0.000153852 -0.000235055 0.0500292)             (-4.0719e-05 -5.38837e-06 0.0508015)
       0.4495             (-0.000153856 -0.000235059 0.0500292)             (-4.07267e-05 -5.39612e-06 0.0508015)
         0.45             (-0.00015386 -0.000235063 0.0500292)             (-4.07343e-05 -5.40383e-06 0.0508015)
       0.4505             (-0.000153864 -0.000235066 0.0500292)             (-4.07419e-05 -5.41149e-06 0.0508015)
        0.451             (-0.000153868 -0.00023507 0.0500292)             (-4.07495e-05 -5.41911e-06 0.0508015)
       0.4515             (-0.000153871 -0.000235074 0.0500292)             (-4.0757e-05 -5.42669e-06 0.0508015)
        0.452             (-0.000153875 -0.000235077 0.0500292)             (-4.07644e-05 -5.43421e-06 0.0508015)
       0.4525             (-0.000153879 -0.000235081 0.0500292)             (-4.07718e-05 -5.4417e-06 0.0508015)
        0.453             (-0.000153883 -0.000235084 0.0500292)             (-4.07792e-05 -5.44913e-06 0.0508015)
       0.4535             (-0.000153887 -0.000235088 0.0500292)             (-4.07865e-05 -5.45653e-06 0.0508015)
        0.454             (-0.00015389 -0.000235091 0.0500292)             (-4.07938e-05 -5.46388e-06 0.0508015)
       0.4545             (-0.000153894 -0.000235095 0.0500292)             (-4.0801e-05 -5.47118e-06 0.0508015)
        0.455             (-0.000153898 -0.000235098 0.0500292)             (-4.08082e-05 -5.47844e-06 0.0508015)
       0.4555             (-0.000153901 -0.000235102 0.0500292)             (-4.08154e-05 -5.48567e-06 0.0508015)
        0.456             (-0.000153905 -0.000235105 0.0500292)             (-4.08225e-05 -5.49285e-06 0.0508015)
       0.4565             (-0.000153909 -0.000235109 0.0500292)             (-4.08296e-05 -5.49997e-06 0.0508015)
        0.457             (-0.000153912 -0.000235112 0.0500292)             (-4.08366e-05 -5.50706e-06 0.0508015)
       0.4575             (-0.000153916 -0.000235115 0.0500292)             (-4.08436e-05 -5.51411e-06 0.0508015)
        0.458             (-0.000153919 -0.000235119 0.0500292)             (-4.08506e-05 -5.52112e-06 0.0508015)
       0.4585             (-0.000153923 -0.000235122 0.0500292)             (-4.08575e-05 -5.52808e-06 0.0508015)
        0.459             (-0.000153926 -0.000235125 0.0500292)             (-4.08644e-05 -5.53501e-06 0.0508015)
       0.4595             (-0.00015393 -0.000235128 0.0500292)             (-4.08712e-05 -5.54189e-06 0.0508015)
         0.46             (-0.000153933 -0.000235132 0.0500292)             (-4.0878e-05 -5.54873e-06 0.0508015)
       0.4605             (-0.000153937 -0.000235135 0.0500292)             (-4.08848e-05 -5.55553e-06 0.0508015)
        0.461             (-0.00015394 -0.000235138 0.0500292)             (-4.08915e-05 -5.56229e-06 0.0508015)
       0.4615             (-0.000153943 -0.000235141 0.0500292)             (-4.08982e-05 -5.56901e-06 0.0508015)
        0.462             (-0.000153947 -0.000235144 0.0500292)             (-4.09049e-05 -5.57568e-06 0.0508015)
       0.4625             (-0.00015395 -0.000235148 0.0500292)             (-4.09115e-05 -5.58232e-06 0.0508015)
        0.463             (-0.000153954 -0.000235151 0.0500292)             (-4.09181e-05 -5.58893e-06 0.0508015)
       0.4635             (-0.000153957 -0.000235154 0.0500292)             (-4.09246e-05 -5.59548e-06 0.0508015)
        0.464             (-0.00015396 -0.000235157 0.0500292)             (-4.09311e-05 -5.60201e-06 0.0508015)
       0.4645             (-0.000153963 -0.00023516 0.0500292)             (-4.09375e-05 -5.60849e-06 0.0508015)
        0.465             (-0.000153967 -0.000235163 0.0500292)             (-4.0944e-05 -5.61494e-06 0.0508015)
       0.4655             (-0.00015397 -0.000235166 0.0500292)             (-4.09504e-05 -5.62134e-06 0.0508015)
        0.466             (-0.000153973 -0.000235169 0.0500292)             (-4.09567e-05 -5.62771e-06 0.0508015)
       0.4665             (-0.000153976 -0.000235172 0.0500292)             (-4.0963e-05 -5.63403e-06 0.0508015)
        0.467             (-0.000153979 -0.000235175 0.0500292)             (-4.09693e-05 -5.64033e-06 0.0508015)
       0.4675             (-0.000153982 -0.000235178 0.0500292)             (-4.09755e-05 -5.64658e-06 0.0508015)
        0.468             (-0.000153986 -0.000235181 0.0500292)             (-4.09818e-05 -5.6528e-06 0.0508015)
       0.4685             (-0.000153989 -0.000235183 0.0500292)             (-4.09879e-05 -5.65898e-06 0.0508015)
        0.469             (-0.000153992 -0.000235186 0.0500292)             (-4.09941e-05 -5.66513e-06 0.0508015)
       0.4695             (-0.000153995 -0.000235189 0.0500292)             (-4.10002e-05 -5.67124e-06 0.0508015)
         0.47             (-0.000153998 -0.000235192 0.0500292)             (-4.10062e-05 -5.6773e-06 0.0508015)
       0.4705             (-0.000154001 -0.000235195 0.0500292)             (-4.10123e-05 -5.68333e-06 0.0508015)
        0.471             (-0.000154004 -0.000235198 0.0500292)             (-4.10183e-05 -5.68933e-06 0.0508015)
       0.4715             (-0.000154007 -0.0002352 0.0500292)             (-4.10242e-05 -5.6953e-06 0.0508015)
        0.472             (-0.00015401 -0.000235203 0.0500292)             (-4.10301e-05 -5.70123e-06 0.0508015)
       0.4725             (-0.000154013 -0.000235206 0.0500292)             (-4.1036e-05 -5.70711e-06 0.0508015)
        0.473             (-0.000154016 -0.000235209 0.0500292)             (-4.10419e-05 -5.71297e-06 0.0508015)
       0.4735             (-0.000154018 -0.000235211 0.0500292)             (-4.10477e-05 -5.71879e-06 0.0508015)
        0.474             (-0.000154021 -0.000235214 0.0500292)             (-4.10535e-05 -5.72458e-06 0.0508014)
       0.4745             (-0.000154024 -0.000235217 0.0500292)             (-4.10593e-05 -5.73033e-06 0.0508014)
        0.475             (-0.000154027 -0.000235219 0.0500292)             (-4.1065e-05 -5.73605e-06 0.0508014)
       0.4755             (-0.00015403 -0.000235222 0.0500292)             (-4.10707e-05 -5.74173e-06 0.0508014)
        0.476             (-0.000154033 -0.000235225 0.0500292)             (-4.10764e-05 -5.74738e-06 0.0508014)
       0.4765             (-0.000154035 -0.000235227 0.0500292)             (-4.1082e-05 -5.75299e-06 0.0508014)
        0.477             (-0.000154038 -0.00023523 0.0500292)             (-4.10876e-05 -5.75859e-06 0.0508014)
       0.4775             (-0.000154041 -0.000235232 0.0500292)             (-4.10932e-05 -5.76413e-06 0.0508014)
        0.478             (-0.000154044 -0.000235235 0.0500292)             (-4.10987e-05 -5.76964e-06 0.0508014)
       0.4785             (-0.000154046 -0.000235237 0.0500292)             (-4.11042e-05 -5.77513e-06 0.0508014)
        0.479             (-0.000154049 -0.00023524 0.0500292)             (-4.11097e-05 -5.78058e-06 0.0508014)
       0.4795             (-0.000154052 -0.000235242 0.0500292)             (-4.11151e-05 -5.786e-06 0.0508014)
         0.48             (-0.000154054 -0.000235245 0.0500292)             (-4.11205e-05 -5.79138e-06 0.0508014)
       0.4805             (-0.000154057 -0.000235247 0.0500292)             (-4.11259e-05 -5.79674e-06 0.0508014)
        0.481             (-0.00015406 -0.00023525 0.0500292)             (-4.11312e-05 -5.80206e-06 0.0508014)
       0.4815             (-0.000154062 -0.000235252 0.0500292)             (-4.11366e-05 -5.80734e-06 0.0508014)
        0.482             (-0.000154065 -0.000235255 0.0500292)             (-4.11418e-05 -5.8126e-06 0.0508014)
       0.4825             (-0.000154067 -0.000235257 0.0500292)             (-4.11471e-05 -5.81783e-06 0.0508014)
        0.483             (-0.00015407 -0.000235259 0.0500292)             (-4.11523e-05 -5.82303e-06 0.0508014)
       0.4835             (-0.000154073 -0.000235262 0.0500292)             (-4.11575e-05 -5.82819e-06 0.0508014)
        0.484             (-0.000154075 -0.000235264 0.0500292)             (-4.11627e-05 -5.83332e-06 0.0508014)
       0.4845             (-0.000154078 -0.000235267 0.0500292)             (-4.11678e-05 -5.83842e-06 0.0508014)
        0.485             (-0.00015408 -0.000235269 0.0500292)             (-4.11729e-05 -5.8435e-06 0.0508014)
       0.4855             (-0.000154083 -0.000235271 0.0500292)             (-4.1178e-05 -5.84854e-06 0.0508014)
        0.486             (-0.000154085 -0.000235273 0.0500292)             (-4.1183e-05 -5.85355e-06 0.0508014)
       0.4865             (-0.000154087 -0.000235276 0.0500292)             (-4.1188e-05 -5.85855e-06 0.0508014)
        0.487             (-0.00015409 -0.000235278 0.0500292)             (-4.1193e-05 -5.86349e-06 0.0508014)
       0.4875             (-0.000154092 -0.00023528 0.0500292)             (-4.1198e-05 -5.86841e-06 0.0508014)
        0.488             (-0.000154095 -0.000235282 0.0500292)             (-4.12029e-05 -5.87331e-06 0.0508014)
       0.4885             (-0.000154097 -0.000235285 0.0500292)             (-4.12078e-05 -5.87818e-06 0.0508014)
        0.489             (-0.000154099 -0.000235287 0.0500292)             (-4.12127e-05 -5.88301e-06 0.0508014)
       0.4895             (-0.000154102 -0.000235289 0.0500292)             (-4.12176e-05 -5.88782e-06 0.0508014)
         0.49             (-0.000154104 -0.000235291 0.0500292)             (-4.12224e-05 -5.8926e-06 0.0508014)
       0.4905             (-0.000154106 -0.000235293 0.0500292)             (-4.12272e-05 -5.89734e-06 0.0508014)
        0.491             (-0.000154109 -0.000235296 0.0500292)             (-4.12319e-05 -5.90206e-06 0.0508014)
       0.4915             (-0.000154111 -0.000235298 0.0500292)             (-4.12367e-05 -5.90676e-06 0.0508014)
        0.492             (-0.000154113 -0.0002353 0.0500292)             (-4.12414e-05 -5.91143e-06 0.0508014)
       0.4925             (-0.000154116 -0.000235302 0.0500292)             (-4.12461e-05 -5.91605e-06 0.0508014)
        0.493             (-0.000154118 -0.000235304 0.0500292)             (-4.12507e-05 -5.92066e-06 0.0508014)
       0.4935             (-0.00015412 -0.000235306 0.0500292)             (-4.12553e-05 -5.92525e-06 0.0508014)
        0.494             (-0.000154122 -0.000235308 0.0500292)             (-4.126e-05 -5.9298e-06 0.0508014)
       0.4945             (-0.000154124 -0.00023531 0.0500292)             (-4.12645e-05 -5.93433e-06 0.0508014)
        0.495             (-0.000154127 -0.000235312 0.0500292)             (-4.12691e-05 -5.93883e-06 0.0508014)
       0.4955             (-0.000154129 -0.000235314 0.0500292)             (-4.12736e-05 -5.94331e-06 0.0508014)
        0.496             (-0.000154131 -0.000235316 0.0500292)             (-4.12781e-05 -5.94776e-06 0.0508014)
       0.4965             (-0.000154133 -0.000235318 0.0500292)             (-4.12826e-05 -5.95217e-06 0.0508014)
        0.497             (-0.000154135 -0.00023532 0.0500292)             (-4.1287e-05 -5.95656e-06 0.0508014)
       0.4975             (-0.000154137 -0.000235322 0.0500292)             (-4.12914e-05 -5.96094e-06 0.0508014)
        0.498             (-0.000154139 -0.000235324 0.0500292)             (-4.12958e-05 -5.96527e-06 0.0508014)
       0.4985             (-0.000154142 -0.000235326 0.0500292)             (-4.13002e-05 -5.96959e-06 0.0508014)
        0.499             (-0.000154144 -0.000235328 0.0500292)             (-4.13045e-05 -5.97388e-06 0.0508014)
       0.4995             (-0.000154146 -0.00023533 0.0500292)             (-4.13088e-05 -5.97814e-06 0.0508014)
          0.5             (-0.000154148 -0.000235332 0.0500292)             (-4.13131e-05 -5.98239e-06 0.0508014)
       0.5005             (-0.00015415 -0.000235334 0.0500292)             (-4.13174e-05 -5.98659e-06 0.0508014)
        0.501             (-0.000154152 -0.000235336 0.0500292)             (-4.13217e-05 -5.99078e-06 0.0508014)
       0.5015             (-0.000154154 -0.000235338 0.0500292)             (-4.13259e-05 -5.99494e-06 0.0508014)
        0.502             (-0.000154156 -0.000235339 0.0500292)             (-4.13301e-05 -5.99909e-06 0.0508014)
       0.5025             (-0.000154158 -0.000235341 0.0500292)             (-4.13342e-05 -6.0032e-06 0.0508014)
        0.503             (-0.00015416 -0.000235343 0.0500292)             (-4.13384e-05 -6.00729e-06 0.0508014)
       0.5035             (-0.000154162 -0.000235345 0.0500292)             (-4.13425e-05 -6.01135e-06 0.0508014)
        0.504             (-0.000154164 -0.000235347 0.0500292)             (-4.13466e-05 -6.01539e-06 0.0508014)
       0.5045             (-0.000154166 -0.000235349 0.0500292)             (-4.13507e-05 -6.01941e-06 0.0508014)
        0.505             (-0.000154168 -0.00023535 0.0500292)             (-4.13547e-05 -6.0234e-06 0.0508014)
       0.5055             (-0.000154169 -0.000235352 0.0500292)             (-4.13588e-05 -6.02737e-06 0.0508014)
        0.506             (-0.000154171 -0.000235354 0.0500292)             (-4.13628e-05 -6.03132e-06 0.0508014)
       0.5065             (-0.000154173 -0.000235356 0.0500292)             (-4.13667e-05 -6.03524e-06 0.0508014)
        0.507             (-0.000154175 -0.000235357 0.0500292)             (-4.13707e-05 -6.03912e-06 0.0508014)
       0.5075             (-0.000154177 -0.000235359 0.0500292)             (-4.13746e-05 -6.04301e-06 0.0508014)
        0.508             (-0.000154179 -0.000235361 0.0500292)             (-4.13785e-05 -6.04686e-06 0.0508014)
       0.5085             (-0.000154181 -0.000235362 0.0500292)             (-4.13824e-05 -6.05069e-06 0.0508014)
        0.509             (-0.000154182 -0.000235364 0.0500292)             (-4.13863e-05 -6.05449e-06 0.0508014)
       0.5095             (-0.000154184 -0.000235366 0.0500292)             (-4.13902e-05 -6.05827e-06 0.0508014)
         0.51             (-0.000154186 -0.000235368 0.0500292)             (-4.1394e-05 -6.06203e-06 0.0508014)
       0.5105             (-0.000154188 -0.000235369 0.0500292)             (-4.13978e-05 -6.06577e-06 0.0508014)
        0.511             (-0.00015419 -0.000235371 0.0500292)             (-4.14016e-05 -6.06949e-06 0.0508014)
       0.5115             (-0.000154191 -0.000235373 0.0500292)             (-4.14053e-05 -6.07318e-06 0.0508014)
        0.512             (-0.000154193 -0.000235374 0.0500292)             (-4.1409e-05 -6.07685e-06 0.0508014)
       0.5125             (-0.000154195 -0.000235376 0.0500292)             (-4.14128e-05 -6.08049e-06 0.0508014)
        0.513             (-0.000154197 -0.000235377 0.0500292)             (-4.14164e-05 -6.08413e-06 0.0508014)
       0.5135             (-0.000154198 -0.000235379 0.0500292)             (-4.14201e-05 -6.08773e-06 0.0508014)
        0.514             (-0.0001542 -0.000235381 0.0500292)             (-4.14238e-05 -6.09132e-06 0.0508014)
       0.5145             (-0.000154202 -0.000235382 0.0500292)             (-4.14274e-05 -6.09488e-06 0.0508014)
        0.515             (-0.000154203 -0.000235384 0.0500292)             (-4.1431e-05 -6.09841e-06 0.0508014)
       0.5155             (-0.000154205 -0.000235385 0.0500292)             (-4.14346e-05 -6.10193e-06 0.0508014)
        0.516             (-0.000154207 -0.000235387 0.0500292)             (-4.14382e-05 -6.10543e-06 0.0508014)
       0.5165             (-0.000154208 -0.000235388 0.0500292)             (-4.14417e-05 -6.10891e-06 0.0508014)
        0.517             (-0.00015421 -0.00023539 0.0500292)             (-4.14452e-05 -6.11237e-06 0.0508014)
       0.5175             (-0.000154212 -0.000235391 0.0500292)             (-4.14487e-05 -6.11581e-06 0.0508014)
        0.518             (-0.000154213 -0.000235393 0.0500292)             (-4.14522e-05 -6.11922e-06 0.0508014)
       0.5185             (-0.000154215 -0.000235394 0.0500292)             (-4.14557e-05 -6.12262e-06 0.0508014)
        0.519             (-0.000154217 -0.000235396 0.0500292)             (-4.14591e-05 -6.126e-06 0.0508014)
       0.5195             (-0.000154218 -0.000235397 0.0500292)             (-4.14625e-05 -6.12935e-06 0.0508014)
         0.52             (-0.00015422 -0.000235399 0.0500292)             (-4.14659e-05 -6.13268e-06 0.0508014)
       0.5205             (-0.000154221 -0.0002354 0.0500292)             (-4.14693e-05 -6.136e-06 0.0508014)
        0.521             (-0.000154223 -0.000235402 0.0500292)             (-4.14727e-05 -6.13929e-06 0.0508014)
       0.5215             (-0.000154224 -0.000235403 0.0500292)             (-4.1476e-05 -6.14257e-06 0.0508013)
        0.522             (-0.000154226 -0.000235405 0.0500292)             (-4.14794e-05 -6.14583e-06 0.0508013)
       0.5225             (-0.000154228 -0.000235406 0.0500292)             (-4.14827e-05 -6.14906e-06 0.0508013)
        0.523             (-0.000154229 -0.000235407 0.0500292)             (-4.1486e-05 -6.15228e-06 0.0508013)
       0.5235             (-0.000154231 -0.000235409 0.0500292)             (-4.14892e-05 -6.15547e-06 0.0508013)
        0.524             (-0.000154232 -0.00023541 0.0500292)             (-4.14925e-05 -6.15866e-06 0.0508013)
       0.5245             (-0.000154234 -0.000235412 0.0500292)             (-4.14957e-05 -6.16181e-06 0.0508013)
        0.525             (-0.000154235 -0.000235413 0.0500292)             (-4.14989e-05 -6.16496e-06 0.0508013)
       0.5255             (-0.000154236 -0.000235414 0.0500292)             (-4.15021e-05 -6.16808e-06 0.0508013)
        0.526             (-0.000154238 -0.000235416 0.0500292)             (-4.15053e-05 -6.17118e-06 0.0508013)
       0.5265             (-0.000154239 -0.000235417 0.0500292)             (-4.15084e-05 -6.17427e-06 0.0508013)
        0.527             (-0.000154241 -0.000235418 0.0500292)             (-4.15116e-05 -6.17733e-06 0.0508013)
       0.5275             (-0.000154242 -0.00023542 0.0500292)             (-4.15147e-05 -6.18037e-06 0.0508013)
        0.528             (-0.000154244 -0.000235421 0.0500292)             (-4.15178e-05 -6.18341e-06 0.0508013)
       0.5285             (-0.000154245 -0.000235422 0.0500292)             (-4.15209e-05 -6.18642e-06 0.0508013)
        0.529             (-0.000154247 -0.000235424 0.0500292)             (-4.15239e-05 -6.18941e-06 0.0508013)
       0.5295             (-0.000154248 -0.000235425 0.0500292)             (-4.1527e-05 -6.19239e-06 0.0508013)
         0.53             (-0.000154249 -0.000235426 0.0500292)             (-4.153e-05 -6.19535e-06 0.0508013)
       0.5305             (-0.000154251 -0.000235428 0.0500292)             (-4.1533e-05 -6.19828e-06 0.0508013)
        0.531             (-0.000154252 -0.000235429 0.0500292)             (-4.1536e-05 -6.20121e-06 0.0508013)
       0.5315             (-0.000154253 -0.00023543 0.0500292)             (-4.1539e-05 -6.20412e-06 0.0508013)
        0.532             (-0.000154255 -0.000235431 0.0500292)             (-4.1542e-05 -6.207e-06 0.0508013)
       0.5325             (-0.000154256 -0.000235433 0.0500292)             (-4.15449e-05 -6.20987e-06 0.0508013)
        0.533             (-0.000154257 -0.000235434 0.0500292)             (-4.15478e-05 -6.21273e-06 0.0508013)
       0.5335             (-0.000154259 -0.000235435 0.0500292)             (-4.15507e-05 -6.21555e-06 0.0508013)
        0.534             (-0.00015426 -0.000235436 0.0500292)             (-4.15536e-05 -6.21838e-06 0.0508013)
       0.5345             (-0.000154261 -0.000235437 0.0500292)             (-4.15565e-05 -6.22118e-06 0.0508013)
        0.535             (-0.000154263 -0.000235439 0.0500292)             (-4.15594e-05 -6.22396e-06 0.0508013)
       0.5355             (-0.000154264 -0.00023544 0.0500292)             (-4.15622e-05 -6.22674e-06 0.0508013)
        0.536             (-0.000154265 -0.000235441 0.0500292)             (-4.1565e-05 -6.22949e-06 0.0508013)
       0.5365             (-0.000154267 -0.000235442 0.0500292)             (-4.15678e-05 -6.23222e-06 0.0508013)
        0.537             (-0.000154268 -0.000235443 0.0500292)             (-4.15706e-05 -6.23494e-06 0.0508013)
       0.5375             (-0.000154269 -0.000235445 0.0500292)             (-4.15734e-05 -6.23765e-06 0.0508013)
        0.538             (-0.00015427 -0.000235446 0.0500292)             (-4.15761e-05 -6.24033e-06 0.0508013)
       0.5385             (-0.000154272 -0.000235447 0.0500292)             (-4.15789e-05 -6.243e-06 0.0508013)
        0.539             (-0.000154273 -0.000235448 0.0500292)             (-4.15816e-05 -6.24565e-06 0.0508013)
       0.5395             (-0.000154274 -0.000235449 0.0500292)             (-4.15843e-05 -6.2483e-06 0.0508013)
         0.54             (-0.000154275 -0.00023545 0.0500292)             (-4.1587e-05 -6.25091e-06 0.0508013)
       0.5405             (-0.000154277 -0.000235451 0.0500292)             (-4.15897e-05 -6.25353e-06 0.0508013)
        0.541             (-0.000154278 -0.000235453 0.0500292)             (-4.15924e-05 -6.25611e-06 0.0508013)
       0.5415             (-0.000154279 -0.000235454 0.0500292)             (-4.1595e-05 -6.2587e-06 0.0508013)
        0.542             (-0.00015428 -0.000235455 0.0500292)             (-4.15976e-05 -6.26126e-06 0.0508013)
       0.5425             (-0.000154281 -0.000235456 0.0500292)             (-4.16003e-05 -6.2638e-06 0.0508013)
        0.543             (-0.000154282 -0.000235457 0.0500292)             (-4.16029e-05 -6.26633e-06 0.0508013)
       0.5435             (-0.000154284 -0.000235458 0.0500292)             (-4.16055e-05 -6.26884e-06 0.0508013)
        0.544             (-0.000154285 -0.000235459 0.0500292)             (-4.1608e-05 -6.27135e-06 0.0508013)
       0.5445             (-0.000154286 -0.00023546 0.0500292)             (-4.16106e-05 -6.27383e-06 0.0508013)
        0.545             (-0.000154287 -0.000235461 0.0500292)             (-4.16131e-05 -6.2763e-06 0.0508013)
       0.5455             (-0.000154288 -0.000235462 0.0500292)             (-4.16156e-05 -6.27876e-06 0.0508013)
        0.546             (-0.000154289 -0.000235463 0.0500292)             (-4.16182e-05 -6.28119e-06 0.0508013)
       0.5465             (-0.00015429 -0.000235464 0.0500292)             (-4.16207e-05 -6.28362e-06 0.0508013)
        0.547             (-0.000154292 -0.000235465 0.0500292)             (-4.16231e-05 -6.28603e-06 0.0508013)
       0.5475             (-0.000154293 -0.000235466 0.0500292)             (-4.16256e-05 -6.28843e-06 0.0508013)
        0.548             (-0.000154294 -0.000235467 0.0500292)             (-4.16281e-05 -6.29081e-06 0.0508013)
       0.5485             (-0.000154295 -0.000235468 0.0500292)             (-4.16305e-05 -6.29318e-06 0.0508013)
        0.549             (-0.000154296 -0.000235469 0.0500292)             (-4.16329e-05 -6.29553e-06 0.0508013)
       0.5495             (-0.000154297 -0.00023547 0.0500292)             (-4.16353e-05 -6.29788e-06 0.0508013)
         0.55             (-0.000154298 -0.000235471 0.0500292)             (-4.16377e-05 -6.3002e-06 0.0508013)
       0.5505             (-0.000154299 -0.000235472 0.0500292)             (-4.16401e-05 -6.30251e-06 0.0508013)
        0.551             (-0.0001543 -0.000235473 0.0500292)             (-4.16425e-05 -6.30481e-06 0.0508013)
       0.5515             (-0.000154301 -0.000235474 0.0500292)             (-4.16448e-05 -6.3071e-06 0.0508013)
        0.552             (-0.000154302 -0.000235475 0.0500292)             (-4.16472e-05 -6.30936e-06 0.0508013)
       0.5525             (-0.000154303 -0.000235476 0.0500292)             (-4.16495e-05 -6.31163e-06 0.0508013)
        0.553             (-0.000154304 -0.000235477 0.0500292)             (-4.16518e-05 -6.31387e-06 0.0508013)
       0.5535             (-0.000154305 -0.000235478 0.0500292)             (-4.16541e-05 -6.31609e-06 0.0508013)
        0.554             (-0.000154306 -0.000235479 0.0500292)             (-4.16564e-05 -6.31831e-06 0.0508013)
       0.5545             (-0.000154308 -0.00023548 0.0500292)             (-4.16587e-05 -6.32051e-06 0.0508013)
        0.555             (-0.000154309 -0.000235481 0.0500292)             (-4.16609e-05 -6.32271e-06 0.0508013)
       0.5555             (-0.00015431 -0.000235482 0.0500292)             (-4.16632e-05 -6.32488e-06 0.0508013)
        0.556             (-0.000154311 -0.000235483 0.0500292)             (-4.16654e-05 -6.32705e-06 0.0508013)
       0.5565             (-0.000154312 -0.000235484 0.0500292)             (-4.16677e-05 -6.3292e-06 0.0508013)
        0.557             (-0.000154312 -0.000235485 0.0500292)             (-4.16699e-05 -6.33134e-06 0.0508013)
       0.5575             (-0.000154313 -0.000235486 0.0500292)             (-4.16721e-05 -6.33346e-06 0.0508013)
        0.558             (-0.000154314 -0.000235486 0.0500292)             (-4.16742e-05 -6.33558e-06 0.0508013)
       0.5585             (-0.000154315 -0.000235487 0.0500292)             (-4.16764e-05 -6.33767e-06 0.0508013)
        0.559             (-0.000154316 -0.000235488 0.0500292)             (-4.16786e-05 -6.33976e-06 0.0508013)
       0.5595             (-0.000154317 -0.000235489 0.0500292)             (-4.16807e-05 -6.34183e-06 0.0508013)
         0.56             (-0.000154318 -0.00023549 0.0500292)             (-4.16828e-05 -6.3439e-06 0.0508013)
       0.5605             (-0.000154319 -0.000235491 0.0500292)             (-4.1685e-05 -6.34595e-06 0.0508013)
        0.561             (-0.00015432 -0.000235492 0.0500292)             (-4.16871e-05 -6.34799e-06 0.0508013)
       0.5615             (-0.000154321 -0.000235493 0.0500292)             (-4.16892e-05 -6.35001e-06 0.0508013)
        0.562             (-0.000154322 -0.000235493 0.0500292)             (-4.16912e-05 -6.35203e-06 0.0508013)
       0.5625             (-0.000154323 -0.000235494 0.0500292)             (-4.16933e-05 -6.35402e-06 0.0508013)
        0.563             (-0.000154324 -0.000235495 0.0500292)             (-4.16954e-05 -6.35602e-06 0.0508013)
       0.5635             (-0.000154325 -0.000235496 0.0500292)             (-4.16974e-05 -6.35799e-06 0.0508013)
        0.564             (-0.000154326 -0.000235497 0.0500292)             (-4.16994e-05 -6.35996e-06 0.0508013)
       0.5645             (-0.000154326 -0.000235498 0.0500292)             (-4.17015e-05 -6.36191e-06 0.0508013)
        0.565             (-0.000154327 -0.000235498 0.0500292)             (-4.17035e-05 -6.36386e-06 0.0508013)
       0.5655             (-0.000154328 -0.000235499 0.0500292)             (-4.17055e-05 -6.36578e-06 0.0508013)
        0.566             (-0.000154329 -0.0002355 0.0500292)             (-4.17075e-05 -6.36771e-06 0.0508013)
       0.5665             (-0.00015433 -0.000235501 0.0500292)             (-4.17094e-05 -6.36961e-06 0.0508013)
        0.567             (-0.000154331 -0.000235502 0.0500292)             (-4.17114e-05 -6.37151e-06 0.0508013)
       0.5675             (-0.000154332 -0.000235502 0.0500292)             (-4.17134e-05 -6.37339e-06 0.0508013)
        0.568             (-0.000154333 -0.000235503 0.0500292)             (-4.17153e-05 -6.37527e-06 0.0508013)
       0.5685             (-0.000154333 -0.000235504 0.0500292)             (-4.17172e-05 -6.37712e-06 0.0508013)
        0.569             (-0.000154334 -0.000235505 0.0500292)             (-4.17191e-05 -6.37898e-06 0.0508013)
       0.5695             (-0.000154335 -0.000235506 0.0500292)             (-4.1721e-05 -6.38081e-06 0.0508013)
         0.57             (-0.000154336 -0.000235506 0.0500292)             (-4.17229e-05 -6.38265e-06 0.0508013)
       0.5705             (-0.000154337 -0.000235507 0.0500292)             (-4.17248e-05 -6.38446e-06 0.0508013)
        0.571             (-0.000154338 -0.000235508 0.0500292)             (-4.17267e-05 -6.38627e-06 0.0508013)
       0.5715             (-0.000154338 -0.000235509 0.0500292)             (-4.17286e-05 -6.38806e-06 0.0508013)
        0.572             (-0.000154339 -0.000235509 0.0500292)             (-4.17304e-05 -6.38985e-06 0.0508013)
       0.5725             (-0.00015434 -0.00023551 0.0500292)             (-4.17322e-05 -6.39162e-06 0.0508013)
        0.573             (-0.000154341 -0.000235511 0.0500292)             (-4.17341e-05 -6.39339e-06 0.0508013)
       0.5735             (-0.000154342 -0.000235511 0.0500292)             (-4.17359e-05 -6.39514e-06 0.0508013)
        0.574             (-0.000154342 -0.000235512 0.0500292)             (-4.17377e-05 -6.39689e-06 0.0508013)
       0.5745             (-0.000154343 -0.000235513 0.0500292)             (-4.17395e-05 -6.39861e-06 0.0508013)
        0.575             (-0.000154344 -0.000235514 0.0500292)             (-4.17413e-05 -6.40034e-06 0.0508013)
       0.5755             (-0.000154345 -0.000235514 0.0500292)             (-4.17431e-05 -6.40205e-06 0.0508013)
        0.576             (-0.000154345 -0.000235515 0.0500292)             (-4.17448e-05 -6.40375e-06 0.0508013)
       0.5765             (-0.000154346 -0.000235516 0.0500292)             (-4.17466e-05 -6.40544e-06 0.0508013)
        0.577             (-0.000154347 -0.000235516 0.0500292)             (-4.17483e-05 -6.40713e-06 0.0508013)
       0.5775             (-0.000154348 -0.000235517 0.0500292)             (-4.17501e-05 -6.40879e-06 0.0508013)
        0.578             (-0.000154348 -0.000235518 0.0500292)             (-4.17518e-05 -6.41046e-06 0.0508013)
       0.5785             (-0.000154349 -0.000235519 0.0500292)             (-4.17535e-05 -6.4121e-06 0.0508013)
        0.579             (-0.00015435 -0.000235519 0.0500292)             (-4.17552e-05 -6.41375e-06 0.0508013)
       0.5795             (-0.000154351 -0.00023552 0.0500292)             (-4.17569e-05 -6.41537e-06 0.0508013)
         0.58             (-0.000154351 -0.000235521 0.0500292)             (-4.17586e-05 -6.417e-06 0.0508013)
       0.5805             (-0.000154352 -0.000235521 0.0500292)             (-4.17603e-05 -6.41861e-06 0.0508013)
        0.581             (-0.000154353 -0.000235522 0.0500292)             (-4.17619e-05 -6.42021e-06 0.0508013)
       0.5815             (-0.000154354 -0.000235523 0.0500292)             (-4.17636e-05 -6.4218e-06 0.0508013)
        0.582             (-0.000154354 -0.000235523 0.0500292)             (-4.17652e-05 -6.42339e-06 0.0508013)
       0.5825             (-0.000154355 -0.000235524 0.0500292)             (-4.17669e-05 -6.42496e-06 0.0508013)
        0.583             (-0.000154356 -0.000235525 0.0500292)             (-4.17685e-05 -6.42653e-06 0.0508013)
       0.5835             (-0.000154356 -0.000235525 0.0500292)             (-4.17701e-05 -6.42807e-06 0.0508013)
        0.584             (-0.000154357 -0.000235526 0.0500292)             (-4.17717e-05 -6.42962e-06 0.0508013)
       0.5845             (-0.000154358 -0.000235526 0.0500292)             (-4.17733e-05 -6.43116e-06 0.0508013)
        0.585             (-0.000154358 -0.000235527 0.0500292)             (-4.17749e-05 -6.43269e-06 0.0508013)
       0.5855             (-0.000154359 -0.000235528 0.0500292)             (-4.17765e-05 -6.4342e-06 0.0508013)
        0.586             (-0.00015436 -0.000235528 0.0500292)             (-4.1778e-05 -6.43571e-06 0.0508013)
       0.5865             (-0.00015436 -0.000235529 0.0500292)             (-4.17796e-05 -6.43721e-06 0.0508013)
        0.587             (-0.000154361 -0.00023553 0.0500292)             (-4.17811e-05 -6.4387e-06 0.0508013)
       0.5875             (-0.000154362 -0.00023553 0.0500292)             (-4.17827e-05 -6.44018e-06 0.0508013)
        0.588             (-0.000154362 -0.000235531 0.0500292)             (-4.17842e-05 -6.44165e-06 0.0508013)
       0.5885             (-0.000154363 -0.000235531 0.0500292)             (-4.17857e-05 -6.44311e-06 0.0508013)
        0.589             (-0.000154364 -0.000235532 0.0500292)             (-4.17873e-05 -6.44457e-06 0.0508013)
       0.5895             (-0.000154364 -0.000235533 0.0500292)             (-4.17888e-05 -6.44601e-06 0.0508013)
         0.59             (-0.000154365 -0.000235533 0.0500292)             (-4.17903e-05 -6.44745e-06 0.0508013)
       0.5905             (-0.000154366 -0.000235534 0.0500292)             (-4.17918e-05 -6.44888e-06 0.0508013)
        0.591             (-0.000154366 -0.000235534 0.0500292)             (-4.17932e-05 -6.4503e-06 0.0508013)
       0.5915             (-0.000154367 -0.000235535 0.0500292)             (-4.17947e-05 -6.45171e-06 0.0508013)
        0.592             (-0.000154368 -0.000235536 0.0500292)             (-4.17962e-05 -6.45312e-06 0.0508013)
       0.5925             (-0.000154368 -0.000235536 0.0500292)             (-4.17976e-05 -6.45451e-06 0.0508013)
        0.593             (-0.000154369 -0.000235537 0.0500292)             (-4.17991e-05 -6.4559e-06 0.0508013)
       0.5935             (-0.000154369 -0.000235537 0.0500292)             (-4.18005e-05 -6.45727e-06 0.0508013)
        0.594             (-0.00015437 -0.000235538 0.0500292)             (-4.18019e-05 -6.45864e-06 0.0508013)
       0.5945             (-0.000154371 -0.000235538 0.0500292)             (-4.18033e-05 -6.46e-06 0.0508013)
        0.595             (-0.000154371 -0.000235539 0.0500292)             (-4.18048e-05 -6.46136e-06 0.0508013)
       0.5955             (-0.000154372 -0.000235539 0.0500292)             (-4.18062e-05 -6.4627e-06 0.0508013)
        0.596             (-0.000154372 -0.00023554 0.0500292)             (-4.18075e-05 -6.46404e-06 0.0508013)
       0.5965             (-0.000154373 -0.000235541 0.0500292)             (-4.18089e-05 -6.46537e-06 0.0508013)
        0.597             (-0.000154374 -0.000235541 0.0500292)             (-4.18103e-05 -6.46669e-06 0.0508013)
       0.5975             (-0.000154374 -0.000235542 0.0500292)             (-4.18117e-05 -6.468e-06 0.0508013)
        0.598             (-0.000154375 -0.000235542 0.0500292)             (-4.1813e-05 -6.46931e-06 0.0508013)
       0.5985             (-0.000154375 -0.000235543 0.0500292)             (-4.18144e-05 -6.4706e-06 0.0508013)
        0.599             (-0.000154376 -0.000235543 0.0500292)             (-4.18157e-05 -6.47189e-06 0.0508013)
       0.5995             (-0.000154376 -0.000235544 0.0500292)             (-4.18171e-05 -6.47317e-06 0.0508013)
          0.6             (-0.000154377 -0.000235544 0.0500292)             (-4.18184e-05 -6.47445e-06 0.0508013)
       0.6005             (-0.000154378 -0.000235545 0.0500292)             (-4.18197e-05 -6.47571e-06 0.0508013)
        0.601             (-0.000154378 -0.000235545 0.0500292)             (-4.1821e-05 -6.47697e-06 0.0508013)
       0.6015             (-0.000154379 -0.000235546 0.0500292)             (-4.18224e-05 -6.47822e-06 0.0508013)
        0.602             (-0.000154379 -0.000235546 0.0500292)             (-4.18236e-05 -6.47947e-06 0.0508013)
       0.6025             (-0.00015438 -0.000235547 0.0500292)             (-4.18249e-05 -6.4807e-06 0.0508013)
        0.603             (-0.00015438 -0.000235547 0.0500292)             (-4.18262e-05 -6.48193e-06 0.0508013)
       0.6035             (-0.000154381 -0.000235548 0.0500292)             (-4.18275e-05 -6.48315e-06 0.0508013)
        0.604             (-0.000154381 -0.000235548 0.0500292)             (-4.18288e-05 -6.48437e-06 0.0508013)
       0.6045             (-0.000154382 -0.000235549 0.0500292)             (-4.183e-05 -6.48557e-06 0.0508013)
        0.605             (-0.000154382 -0.000235549 0.0500292)             (-4.18313e-05 -6.48677e-06 0.0508013)
       0.6055             (-0.000154383 -0.00023555 0.0500292)             (-4.18325e-05 -6.48796e-06 0.0508013)
        0.606             (-0.000154384 -0.00023555 0.0500292)             (-4.18338e-05 -6.48915e-06 0.0508013)
       0.6065             (-0.000154384 -0.000235551 0.0500292)             (-4.1835e-05 -6.49033e-06 0.0508013)
        0.607             (-0.000154385 -0.000235551 0.0500292)             (-4.18362e-05 -6.4915e-06 0.0508013)
       0.6075             (-0.000154385 -0.000235552 0.0500292)             (-4.18374e-05 -6.49266e-06 0.0508013)
        0.608             (-0.000154386 -0.000235552 0.0500292)             (-4.18386e-05 -6.49382e-06 0.0508013)
       0.6085             (-0.000154386 -0.000235553 0.0500292)             (-4.18399e-05 -6.49497e-06 0.0508013)
        0.609             (-0.000154387 -0.000235553 0.0500292)             (-4.1841e-05 -6.49611e-06 0.0508013)
       0.6095             (-0.000154387 -0.000235553 0.0500292)             (-4.18422e-05 -6.49725e-06 0.0508013)
         0.61             (-0.000154388 -0.000235554 0.0500292)             (-4.18434e-05 -6.49838e-06 0.0508013)
       0.6105             (-0.000154388 -0.000235554 0.0500292)             (-4.18446e-05 -6.4995e-06 0.0508013)
        0.611             (-0.000154389 -0.000235555 0.0500292)             (-4.18458e-05 -6.50062e-06 0.0508013)
       0.6115             (-0.000154389 -0.000235555 0.0500292)             (-4.18469e-05 -6.50172e-06 0.0508013)
        0.612             (-0.00015439 -0.000235556 0.0500292)             (-4.18481e-05 -6.50282e-06 0.0508013)
       0.6125             (-0.00015439 -0.000235556 0.0500292)             (-4.18492e-05 -6.50392e-06 0.0508013)
        0.613             (-0.000154391 -0.000235557 0.0500292)             (-4.18504e-05 -6.50501e-06 0.0508013)
       0.6135             (-0.000154391 -0.000235557 0.0500292)             (-4.18515e-05 -6.50609e-06 0.0508013)
        0.614             (-0.000154391 -0.000235558 0.0500292)             (-4.18526e-05 -6.50717e-06 0.0508013)
       0.6145             (-0.000154392 -0.000235558 0.0500292)             (-4.18537e-05 -6.50824e-06 0.0508013)
        0.615             (-0.000154392 -0.000235558 0.0500292)             (-4.18548e-05 -6.5093e-06 0.0508013)
       0.6155             (-0.000154393 -0.000235559 0.0500292)             (-4.1856e-05 -6.51036e-06 0.0508013)
        0.616             (-0.000154393 -0.000235559 0.0500292)             (-4.18571e-05 -6.51141e-06 0.0508013)
       0.6165             (-0.000154394 -0.00023556 0.0500292)             (-4.18581e-05 -6.51246e-06 0.0508013)
        0.617             (-0.000154394 -0.00023556 0.0500292)             (-4.18592e-05 -6.51349e-06 0.0508013)
       0.6175             (-0.000154395 -0.00023556 0.0500292)             (-4.18603e-05 -6.51452e-06 0.0508013)
        0.618             (-0.000154395 -0.000235561 0.0500292)             (-4.18614e-05 -6.51554e-06 0.0508013)
       0.6185             (-0.000154396 -0.000235561 0.0500292)             (-4.18625e-05 -6.51657e-06 0.0508013)
        0.619             (-0.000154396 -0.000235562 0.0500292)             (-4.18635e-05 -6.51757e-06 0.0508013)
       0.6195             (-0.000154396 -0.000235562 0.0500292)             (-4.18646e-05 -6.51859e-06 0.0508013)
         0.62             (-0.000154397 -0.000235562 0.0500292)             (-4.18656e-05 -6.51958e-06 0.0508013)
       0.6205             (-0.000154397 -0.000235563 0.0500292)             (-4.18667e-05 -6.52058e-06 0.0508013)
        0.621             (-0.000154398 -0.000235563 0.0500292)             (-4.18677e-05 -6.52157e-06 0.0508013)
       0.6215             (-0.000154398 -0.000235564 0.0500292)             (-4.18687e-05 -6.52254e-06 0.0508013)
        0.622             (-0.000154399 -0.000235564 0.0500292)             (-4.18698e-05 -6.52353e-06 0.0508013)
       0.6225             (-0.000154399 -0.000235564 0.0500292)             (-4.18708e-05 -6.5245e-06 0.0508013)
        0.623             (-0.000154399 -0.000235565 0.0500292)             (-4.18718e-05 -6.52546e-06 0.0508013)
       0.6235             (-0.0001544 -0.000235565 0.0500292)             (-4.18728e-05 -6.52642e-06 0.0508013)
        0.624             (-0.0001544 -0.000235566 0.0500292)             (-4.18738e-05 -6.52737e-06 0.0508013)
       0.6245             (-0.000154401 -0.000235566 0.0500292)             (-4.18748e-05 -6.52832e-06 0.0508013)
        0.625             (-0.000154401 -0.000235566 0.0500292)             (-4.18758e-05 -6.52927e-06 0.0508013)
       0.6255             (-0.000154402 -0.000235567 0.0500292)             (-4.18768e-05 -6.5302e-06 0.0508013)
        0.626             (-0.000154402 -0.000235567 0.0500292)             (-4.18777e-05 -6.53113e-06 0.0508013)
       0.6265             (-0.000154402 -0.000235567 0.0500292)             (-4.18787e-05 -6.53206e-06 0.0508013)
        0.627             (-0.000154403 -0.000235568 0.0500292)             (-4.18797e-05 -6.53298e-06 0.0508013)
       0.6275             (-0.000154403 -0.000235568 0.0500292)             (-4.18806e-05 -6.53389e-06 0.0508013)
        0.628             (-0.000154404 -0.000235569 0.0500292)             (-4.18816e-05 -6.5348e-06 0.0508013)
       0.6285             (-0.000154404 -0.000235569 0.0500292)             (-4.18825e-05 -6.5357e-06 0.0508013)
        0.629             (-0.000154404 -0.000235569 0.0500292)             (-4.18835e-05 -6.5366e-06 0.0508013)
       0.6295             (-0.000154405 -0.00023557 0.0500292)             (-4.18844e-05 -6.53749e-06 0.0508012)
         0.63             (-0.000154405 -0.00023557 0.0500292)             (-4.18853e-05 -6.53838e-06 0.0508012)
       0.6305             (-0.000154405 -0.00023557 0.0500292)             (-4.18863e-05 -6.53926e-06 0.0508012)
        0.631             (-0.000154406 -0.000235571 0.0500292)             (-4.18872e-05 -6.54014e-06 0.0508012)
       0.6315             (-0.000154406 -0.000235571 0.0500292)             (-4.18881e-05 -6.54101e-06 0.0508012)
        0.632             (-0.000154407 -0.000235571 0.0500292)             (-4.1889e-05 -6.54187e-06 0.0508012)
       0.6325             (-0.000154407 -0.000235572 0.0500292)             (-4.18899e-05 -6.54274e-06 0.0508012)
        0.633             (-0.000154407 -0.000235572 0.0500292)             (-4.18908e-05 -6.54359e-06 0.0508012)
       0.6335             (-0.000154408 -0.000235572 0.0500292)             (-4.18917e-05 -6.54443e-06 0.0508012)
        0.634             (-0.000154408 -0.000235573 0.0500292)             (-4.18926e-05 -6.54529e-06 0.0508012)
       0.6345             (-0.000154408 -0.000235573 0.0500292)             (-4.18935e-05 -6.54612e-06 0.0508012)
        0.635             (-0.000154409 -0.000235573 0.0500292)             (-4.18944e-05 -6.54695e-06 0.0508012)
       0.6355             (-0.000154409 -0.000235574 0.0500292)             (-4.18952e-05 -6.54779e-06 0.0508012)
        0.636             (-0.000154409 -0.000235574 0.0500292)             (-4.18961e-05 -6.54861e-06 0.0508012)
       0.6365             (-0.00015441 -0.000235574 0.0500292)             (-4.1897e-05 -6.54943e-06 0.0508012)
        0.637             (-0.00015441 -0.000235575 0.0500292)             (-4.18978e-05 -6.55025e-06 0.0508012)
       0.6375             (-0.000154411 -0.000235575 0.0500292)             (-4.18987e-05 -6.55106e-06 0.0508012)
        0.638             (-0.000154411 -0.000235575 0.0500292)             (-4.18995e-05 -6.55186e-06 0.0508012)
       0.6385             (-0.000154411 -0.000235576 0.0500292)             (-4.19004e-05 -6.55267e-06 0.0508012)
        0.639             (-0.000154412 -0.000235576 0.0500292)             (-4.19012e-05 -6.55346e-06 0.0508012)
       0.6395             (-0.000154412 -0.000235576 0.0500292)             (-4.1902e-05 -6.55424e-06 0.0508012)
         0.64             (-0.000154412 -0.000235577 0.0500292)             (-4.19028e-05 -6.55504e-06 0.0508012)
       0.6405             (-0.000154413 -0.000235577 0.0500292)             (-4.19037e-05 -6.55582e-06 0.0508012)
        0.641             (-0.000154413 -0.000235577 0.0500292)             (-4.19045e-05 -6.55659e-06 0.0508012)
       0.6415             (-0.000154413 -0.000235578 0.0500292)             (-4.19053e-05 -6.55737e-06 0.0508012)
        0.642             (-0.000154414 -0.000235578 0.0500292)             (-4.19061e-05 -6.55813e-06 0.0508012)
       0.6425             (-0.000154414 -0.000235578 0.0500292)             (-4.19069e-05 -6.55889e-06 0.0508012)
        0.643             (-0.000154414 -0.000235578 0.0500292)             (-4.19077e-05 -6.55965e-06 0.0508012)
       0.6435             (-0.000154415 -0.000235579 0.0500292)             (-4.19085e-05 -6.5604e-06 0.0508012)
        0.644             (-0.000154415 -0.000235579 0.0500292)             (-4.19093e-05 -6.56115e-06 0.0508012)
       0.6445             (-0.000154415 -0.000235579 0.0500292)             (-4.19101e-05 -6.5619e-06 0.0508012)
        0.645             (-0.000154416 -0.00023558 0.0500292)             (-4.19109e-05 -6.56264e-06 0.0508012)
       0.6455             (-0.000154416 -0.00023558 0.0500292)             (-4.19116e-05 -6.56337e-06 0.0508012)
        0.646             (-0.000154416 -0.00023558 0.0500292)             (-4.19124e-05 -6.56411e-06 0.0508012)
       0.6465             (-0.000154416 -0.00023558 0.0500292)             (-4.19132e-05 -6.56483e-06 0.0508012)
        0.647             (-0.000154417 -0.000235581 0.0500292)             (-4.19139e-05 -6.56555e-06 0.0508012)
       0.6475             (-0.000154417 -0.000235581 0.0500292)             (-4.19147e-05 -6.56627e-06 0.0508012)
        0.648             (-0.000154417 -0.000235581 0.0500292)             (-4.19154e-05 -6.56698e-06 0.0508012)
       0.6485             (-0.000154418 -0.000235582 0.0500292)             (-4.19162e-05 -6.56769e-06 0.0508012)
        0.649             (-0.000154418 -0.000235582 0.0500292)             (-4.19169e-05 -6.5684e-06 0.0508012)
       0.6495             (-0.000154418 -0.000235582 0.0500292)             (-4.19177e-05 -6.5691e-06 0.0508012)
         0.65             (-0.000154419 -0.000235582 0.0500292)             (-4.19184e-05 -6.56979e-06 0.0508012)
       0.6505             (-0.000154419 -0.000235583 0.0500292)             (-4.19191e-05 -6.57049e-06 0.0508012)
        0.651             (-0.000154419 -0.000235583 0.0500292)             (-4.19198e-05 -6.57117e-06 0.0508012)
       0.6515             (-0.000154419 -0.000235583 0.0500292)             (-4.19206e-05 -6.57186e-06 0.0508012)
        0.652             (-0.00015442 -0.000235584 0.0500292)             (-4.19213e-05 -6.57254e-06 0.0508012)
       0.6525             (-0.00015442 -0.000235584 0.0500292)             (-4.1922e-05 -6.57321e-06 0.0508012)
        0.653             (-0.00015442 -0.000235584 0.0500292)             (-4.19227e-05 -6.57388e-06 0.0508012)
       0.6535             (-0.000154421 -0.000235584 0.0500292)             (-4.19234e-05 -6.57455e-06 0.0508012)
        0.654             (-0.000154421 -0.000235585 0.0500292)             (-4.19241e-05 -6.57522e-06 0.0508012)
       0.6545             (-0.000154421 -0.000235585 0.0500292)             (-4.19248e-05 -6.57587e-06 0.0508012)
        0.655             (-0.000154421 -0.000235585 0.0500292)             (-4.19255e-05 -6.57653e-06 0.0508012)
       0.6555             (-0.000154422 -0.000235585 0.0500292)             (-4.19262e-05 -6.57718e-06 0.0508012)
        0.656             (-0.000154422 -0.000235586 0.0500292)             (-4.19269e-05 -6.57783e-06 0.0508012)
       0.6565             (-0.000154422 -0.000235586 0.0500292)             (-4.19275e-05 -6.57848e-06 0.0508012)
        0.657             (-0.000154423 -0.000235586 0.0500292)             (-4.19282e-05 -6.57911e-06 0.0508012)
       0.6575             (-0.000154423 -0.000235586 0.0500292)             (-4.19289e-05 -6.57975e-06 0.0508012)
        0.658             (-0.000154423 -0.000235587 0.0500292)             (-4.19296e-05 -6.58038e-06 0.0508012)
       0.6585             (-0.000154423 -0.000235587 0.0500292)             (-4.19302e-05 -6.58101e-06 0.0508012)
        0.659             (-0.000154424 -0.000235587 0.0500292)             (-4.19309e-05 -6.58163e-06 0.0508012)
       0.6595             (-0.000154424 -0.000235587 0.0500292)             (-4.19315e-05 -6.58226e-06 0.0508012)
         0.66             (-0.000154424 -0.000235588 0.0500292)             (-4.19322e-05 -6.58287e-06 0.0508012)
       0.6605             (-0.000154424 -0.000235588 0.0500292)             (-4.19328e-05 -6.58348e-06 0.0508012)
        0.661             (-0.000154425 -0.000235588 0.0500292)             (-4.19335e-05 -6.5841e-06 0.0508012)
       0.6615             (-0.000154425 -0.000235588 0.0500292)             (-4.19341e-05 -6.5847e-06 0.0508012)
        0.662             (-0.000154425 -0.000235588 0.0500292)             (-4.19348e-05 -6.5853e-06 0.0508012)
       0.6625             (-0.000154425 -0.000235589 0.0500292)             (-4.19354e-05 -6.5859e-06 0.0508012)
        0.663             (-0.000154426 -0.000235589 0.0500292)             (-4.1936e-05 -6.5865e-06 0.0508012)
       0.6635             (-0.000154426 -0.000235589 0.0500292)             (-4.19366e-05 -6.58708e-06 0.0508012)
        0.664             (-0.000154426 -0.000235589 0.0500292)             (-4.19373e-05 -6.58768e-06 0.0508012)
       0.6645             (-0.000154426 -0.00023559 0.0500292)             (-4.19379e-05 -6.58826e-06 0.0508012)
        0.665             (-0.000154427 -0.00023559 0.0500292)             (-4.19385e-05 -6.58884e-06 0.0508012)
       0.6655             (-0.000154427 -0.00023559 0.0500292)             (-4.19391e-05 -6.58942e-06 0.0508012)
        0.666             (-0.000154427 -0.00023559 0.0500292)             (-4.19397e-05 -6.58999e-06 0.0508012)
       0.6665             (-0.000154427 -0.000235591 0.0500292)             (-4.19403e-05 -6.59056e-06 0.0508012)
        0.667             (-0.000154428 -0.000235591 0.0500292)             (-4.19409e-05 -6.59113e-06 0.0508012)
       0.6675             (-0.000154428 -0.000235591 0.0500292)             (-4.19415e-05 -6.59169e-06 0.0508012)
        0.668             (-0.000154428 -0.000235591 0.0500292)             (-4.19421e-05 -6.59225e-06 0.0508012)
       0.6685             (-0.000154428 -0.000235591 0.0500292)             (-4.19427e-05 -6.59281e-06 0.0508012)
        0.669             (-0.000154429 -0.000235592 0.0500292)             (-4.19433e-05 -6.59336e-06 0.0508012)
       0.6695             (-0.000154429 -0.000235592 0.0500292)             (-4.19438e-05 -6.59391e-06 0.0508012)
         0.67             (-0.000154429 -0.000235592 0.0500292)             (-4.19444e-05 -6.59446e-06 0.0508012)
       0.6705             (-0.000154429 -0.000235592 0.0500292)             (-4.1945e-05 -6.59501e-06 0.0508012)
        0.671             (-0.00015443 -0.000235592 0.0500292)             (-4.19456e-05 -6.59554e-06 0.0508012)
       0.6715             (-0.00015443 -0.000235593 0.0500292)             (-4.19461e-05 -6.59608e-06 0.0508012)
        0.672             (-0.00015443 -0.000235593 0.0500292)             (-4.19467e-05 -6.59662e-06 0.0508012)
       0.6725             (-0.00015443 -0.000235593 0.0500292)             (-4.19473e-05 -6.59715e-06 0.0508012)
        0.673             (-0.00015443 -0.000235593 0.0500292)             (-4.19478e-05 -6.59767e-06 0.0508012)
       0.6735             (-0.000154431 -0.000235594 0.0500292)             (-4.19484e-05 -6.59819e-06 0.0508012)
        0.674             (-0.000154431 -0.000235594 0.0500292)             (-4.19489e-05 -6.59872e-06 0.0508012)
       0.6745             (-0.000154431 -0.000235594 0.0500292)             (-4.19495e-05 -6.59923e-06 0.0508012)
        0.675             (-0.000154431 -0.000235594 0.0500292)             (-4.195e-05 -6.59974e-06 0.0508012)
       0.6755             (-0.000154432 -0.000235594 0.0500292)             (-4.19506e-05 -6.60026e-06 0.0508012)
        0.676             (-0.000154432 -0.000235594 0.0500292)             (-4.19511e-05 -6.60077e-06 0.0508012)
       0.6765             (-0.000154432 -0.000235595 0.0500292)             (-4.19516e-05 -6.60127e-06 0.0508012)
        0.677             (-0.000154432 -0.000235595 0.0500292)             (-4.19522e-05 -6.60177e-06 0.0508012)
       0.6775             (-0.000154432 -0.000235595 0.0500292)             (-4.19527e-05 -6.60227e-06 0.0508012)
        0.678             (-0.000154433 -0.000235595 0.0500292)             (-4.19532e-05 -6.60277e-06 0.0508012)
       0.6785             (-0.000154433 -0.000235595 0.0500292)             (-4.19537e-05 -6.60326e-06 0.0508012)
        0.679             (-0.000154433 -0.000235596 0.0500292)             (-4.19543e-05 -6.60375e-06 0.0508012)
       0.6795             (-0.000154433 -0.000235596 0.0500292)             (-4.19548e-05 -6.60424e-06 0.0508012)
         0.68             (-0.000154433 -0.000235596 0.0500292)             (-4.19553e-05 -6.60472e-06 0.0508012)
       0.6805             (-0.000154434 -0.000235596 0.0500292)             (-4.19558e-05 -6.6052e-06 0.0508012)
        0.681             (-0.000154434 -0.000235596 0.0500292)             (-4.19563e-05 -6.60568e-06 0.0508012)
       0.6815             (-0.000154434 -0.000235597 0.0500292)             (-4.19568e-05 -6.60616e-06 0.0508012)
        0.682             (-0.000154434 -0.000235597 0.0500292)             (-4.19573e-05 -6.60663e-06 0.0508012)
       0.6825             (-0.000154434 -0.000235597 0.0500292)             (-4.19578e-05 -6.6071e-06 0.0508012)
        0.683             (-0.000154435 -0.000235597 0.0500292)             (-4.19583e-05 -6.60756e-06 0.0508012)
       0.6835             (-0.000154435 -0.000235597 0.0500292)             (-4.19588e-05 -6.60803e-06 0.0508012)
        0.684             (-0.000154435 -0.000235597 0.0500292)             (-4.19593e-05 -6.60849e-06 0.0508012)
       0.6845             (-0.000154435 -0.000235598 0.0500292)             (-4.19598e-05 -6.60895e-06 0.0508012)
        0.685             (-0.000154435 -0.000235598 0.0500292)             (-4.19602e-05 -6.6094e-06 0.0508012)
       0.6855             (-0.000154436 -0.000235598 0.0500292)             (-4.19607e-05 -6.60986e-06 0.0508012)
        0.686             (-0.000154436 -0.000235598 0.0500292)             (-4.19612e-05 -6.61031e-06 0.0508012)
       0.6865             (-0.000154436 -0.000235598 0.0500292)             (-4.19617e-05 -6.61076e-06 0.0508012)
        0.687             (-0.000154436 -0.000235599 0.0500292)             (-4.19621e-05 -6.61121e-06 0.0508012)
       0.6875             (-0.000154436 -0.000235599 0.0500292)             (-4.19626e-05 -6.61165e-06 0.0508012)
        0.688             (-0.000154436 -0.000235599 0.0500292)             (-4.19631e-05 -6.61208e-06 0.0508012)
       0.6885             (-0.000154437 -0.000235599 0.0500292)             (-4.19635e-05 -6.61252e-06 0.0508012)
        0.689             (-0.000154437 -0.000235599 0.0500292)             (-4.1964e-05 -6.61296e-06 0.0508012)
       0.6895             (-0.000154437 -0.000235599 0.0500292)             (-4.19645e-05 -6.61339e-06 0.0508012)
         0.69             (-0.000154437 -0.0002356 0.0500292)             (-4.19649e-05 -6.61382e-06 0.0508012)
       0.6905             (-0.000154437 -0.0002356 0.0500292)             (-4.19654e-05 -6.61424e-06 0.0508012)
        0.691             (-0.000154438 -0.0002356 0.0500292)             (-4.19658e-05 -6.61467e-06 0.0508012)
       0.6915             (-0.000154438 -0.0002356 0.0500292)             (-4.19663e-05 -6.61509e-06 0.0508012)
        0.692             (-0.000154438 -0.0002356 0.0500292)             (-4.19667e-05 -6.6155e-06 0.0508012)
       0.6925             (-0.000154438 -0.0002356 0.0500292)             (-4.19671e-05 -6.61592e-06 0.0508012)
        0.693             (-0.000154438 -0.0002356 0.0500292)             (-4.19676e-05 -6.61634e-06 0.0508012)
       0.6935             (-0.000154438 -0.000235601 0.0500292)             (-4.1968e-05 -6.61675e-06 0.0508012)
        0.694             (-0.000154439 -0.000235601 0.0500292)             (-4.19685e-05 -6.61715e-06 0.0508012)
       0.6945             (-0.000154439 -0.000235601 0.0500292)             (-4.19689e-05 -6.61756e-06 0.0508012)
        0.695             (-0.000154439 -0.000235601 0.0500292)             (-4.19693e-05 -6.61797e-06 0.0508012)
       0.6955             (-0.000154439 -0.000235601 0.0500292)             (-4.19697e-05 -6.61837e-06 0.0508012)
        0.696             (-0.000154439 -0.000235601 0.0500292)             (-4.19702e-05 -6.61876e-06 0.0508012)
       0.6965             (-0.000154439 -0.000235602 0.0500292)             (-4.19706e-05 -6.61916e-06 0.0508012)
        0.697             (-0.00015444 -0.000235602 0.0500292)             (-4.1971e-05 -6.61956e-06 0.0508012)
       0.6975             (-0.00015444 -0.000235602 0.0500292)             (-4.19714e-05 -6.61995e-06 0.0508012)
        0.698             (-0.00015444 -0.000235602 0.0500292)             (-4.19718e-05 -6.62033e-06 0.0508012)
       0.6985             (-0.00015444 -0.000235602 0.0500292)             (-4.19722e-05 -6.62073e-06 0.0508012)
        0.699             (-0.00015444 -0.000235602 0.0500292)             (-4.19727e-05 -6.62111e-06 0.0508012)
       0.6995             (-0.00015444 -0.000235602 0.0500292)             (-4.19731e-05 -6.62149e-06 0.0508012)
          0.7             (-0.000154441 -0.000235603 0.0500292)             (-4.19735e-05 -6.62187e-06 0.0508012)
       0.7005             (-0.000154441 -0.000235603 0.0500292)             (-4.19739e-05 -6.62225e-06 0.0508012)
        0.701             (-0.000154441 -0.000235603 0.0500292)             (-4.19743e-05 -6.62263e-06 0.0508012)
       0.7015             (-0.000154441 -0.000235603 0.0500292)             (-4.19747e-05 -6.623e-06 0.0508012)
        0.702             (-0.000154441 -0.000235603 0.0500292)             (-4.1975e-05 -6.62337e-06 0.0508012)
       0.7025             (-0.000154441 -0.000235603 0.0500292)             (-4.19754e-05 -6.62374e-06 0.0508012)
        0.703             (-0.000154441 -0.000235603 0.0500292)             (-4.19758e-05 -6.62411e-06 0.0508012)
       0.7035             (-0.000154442 -0.000235604 0.0500292)             (-4.19762e-05 -6.62447e-06 0.0508012)
        0.704             (-0.000154442 -0.000235604 0.0500292)             (-4.19766e-05 -6.62483e-06 0.0508012)
       0.7045             (-0.000154442 -0.000235604 0.0500292)             (-4.1977e-05 -6.62519e-06 0.0508012)
        0.705             (-0.000154442 -0.000235604 0.0500292)             (-4.19774e-05 -6.62555e-06 0.0508012)
       0.7055             (-0.000154442 -0.000235604 0.0500292)             (-4.19777e-05 -6.62591e-06 0.0508012)
        0.706             (-0.000154442 -0.000235604 0.0500292)             (-4.19781e-05 -6.62626e-06 0.0508012)
       0.7065             (-0.000154443 -0.000235604 0.0500292)             (-4.19785e-05 -6.62661e-06 0.0508012)
        0.707             (-0.000154443 -0.000235605 0.0500292)             (-4.19789e-05 -6.62696e-06 0.0508012)
       0.7075             (-0.000154443 -0.000235605 0.0500292)             (-4.19792e-05 -6.62731e-06 0.0508012)
        0.708             (-0.000154443 -0.000235605 0.0500292)             (-4.19796e-05 -6.62765e-06 0.0508012)
       0.7085             (-0.000154443 -0.000235605 0.0500292)             (-4.198e-05 -6.62799e-06 0.0508012)
        0.709             (-0.000154443 -0.000235605 0.0500292)             (-4.19803e-05 -6.62834e-06 0.0508012)
       0.7095             (-0.000154443 -0.000235605 0.0500292)             (-4.19807e-05 -6.62868e-06 0.0508012)
         0.71             (-0.000154444 -0.000235605 0.0500292)             (-4.1981e-05 -6.62901e-06 0.0508012)
       0.7105             (-0.000154444 -0.000235605 0.0500292)             (-4.19814e-05 -6.62934e-06 0.0508012)
        0.711             (-0.000154444 -0.000235606 0.0500292)             (-4.19817e-05 -6.62968e-06 0.0508012)
       0.7115             (-0.000154444 -0.000235606 0.0500292)             (-4.19821e-05 -6.63001e-06 0.0508012)
        0.712             (-0.000154444 -0.000235606 0.0500292)             (-4.19824e-05 -6.63033e-06 0.0508012)
       0.7125             (-0.000154444 -0.000235606 0.0500292)             (-4.19828e-05 -6.63066e-06 0.0508012)
        0.713             (-0.000154444 -0.000235606 0.0500292)             (-4.19831e-05 -6.63099e-06 0.0508012)
       0.7135             (-0.000154444 -0.000235606 0.0500292)             (-4.19835e-05 -6.63131e-06 0.0508012)
        0.714             (-0.000154445 -0.000235606 0.0500292)             (-4.19838e-05 -6.63163e-06 0.0508012)
       0.7145             (-0.000154445 -0.000235606 0.0500292)             (-4.19842e-05 -6.63195e-06 0.0508012)
        0.715             (-0.000154445 -0.000235607 0.0500292)             (-4.19845e-05 -6.63227e-06 0.0508012)
       0.7155             (-0.000154445 -0.000235607 0.0500292)             (-4.19848e-05 -6.63258e-06 0.0508012)
        0.716             (-0.000154445 -0.000235607 0.0500292)             (-4.19852e-05 -6.63289e-06 0.0508012)
       0.7165             (-0.000154445 -0.000235607 0.0500292)             (-4.19855e-05 -6.6332e-06 0.0508012)
        0.717             (-0.000154445 -0.000235607 0.0500292)             (-4.19858e-05 -6.63351e-06 0.0508012)
       0.7175             (-0.000154446 -0.000235607 0.0500292)             (-4.19861e-05 -6.63382e-06 0.0508012)
        0.718             (-0.000154446 -0.000235607 0.0500292)             (-4.19865e-05 -6.63412e-06 0.0508012)
       0.7185             (-0.000154446 -0.000235607 0.0500292)             (-4.19868e-05 -6.63443e-06 0.0508012)
        0.719             (-0.000154446 -0.000235607 0.0500292)             (-4.19871e-05 -6.63473e-06 0.0508012)
       0.7195             (-0.000154446 -0.000235608 0.0500292)             (-4.19874e-05 -6.63503e-06 0.0508012)
         0.72             (-0.000154446 -0.000235608 0.0500292)             (-4.19878e-05 -6.63533e-06 0.0508012)
       0.7205             (-0.000154446 -0.000235608 0.0500292)             (-4.19881e-05 -6.63562e-06 0.0508012)
        0.721             (-0.000154446 -0.000235608 0.0500292)             (-4.19884e-05 -6.63592e-06 0.0508012)
       0.7215             (-0.000154446 -0.000235608 0.0500292)             (-4.19887e-05 -6.63621e-06 0.0508012)
        0.722             (-0.000154447 -0.000235608 0.0500292)             (-4.1989e-05 -6.63651e-06 0.0508012)
       0.7225             (-0.000154447 -0.000235608 0.0500292)             (-4.19893e-05 -6.63679e-06 0.0508012)
        0.723             (-0.000154447 -0.000235608 0.0500292)             (-4.19896e-05 -6.63708e-06 0.0508012)
       0.7235             (-0.000154447 -0.000235608 0.0500292)             (-4.19899e-05 -6.63737e-06 0.0508012)
        0.724             (-0.000154447 -0.000235609 0.0500292)             (-4.19902e-05 -6.63765e-06 0.0508012)
       0.7245             (-0.000154447 -0.000235609 0.0500292)             (-4.19905e-05 -6.63793e-06 0.0508012)
        0.725             (-0.000154447 -0.000235609 0.0500292)             (-4.19908e-05 -6.63821e-06 0.0508012)
       0.7255             (-0.000154447 -0.000235609 0.0500292)             (-4.19911e-05 -6.63849e-06 0.0508012)
        0.726             (-0.000154448 -0.000235609 0.0500292)             (-4.19914e-05 -6.63877e-06 0.0508012)
       0.7265             (-0.000154448 -0.000235609 0.0500292)             (-4.19917e-05 -6.63904e-06 0.0508012)
        0.727             (-0.000154448 -0.000235609 0.0500292)             (-4.1992e-05 -6.63932e-06 0.0508012)
       0.7275             (-0.000154448 -0.000235609 0.0500292)             (-4.19923e-05 -6.63959e-06 0.0508012)
        0.728             (-0.000154448 -0.000235609 0.0500292)             (-4.19926e-05 -6.63986e-06 0.0508012)
       0.7285             (-0.000154448 -0.000235609 0.0500292)             (-4.19929e-05 -6.64013e-06 0.0508012)
        0.729             (-0.000154448 -0.00023561 0.0500292)             (-4.19932e-05 -6.6404e-06 0.0508012)
       0.7295             (-0.000154448 -0.00023561 0.0500292)             (-4.19934e-05 -6.64066e-06 0.0508012)
         0.73             (-0.000154448 -0.00023561 0.0500292)             (-4.19937e-05 -6.64093e-06 0.0508012)
       0.7305             (-0.000154449 -0.00023561 0.0500292)             (-4.1994e-05 -6.64119e-06 0.0508012)
        0.731             (-0.000154449 -0.00023561 0.0500292)             (-4.19943e-05 -6.64144e-06 0.0508012)
       0.7315             (-0.000154449 -0.00023561 0.0500292)             (-4.19945e-05 -6.64171e-06 0.0508012)
        0.732             (-0.000154449 -0.00023561 0.0500292)             (-4.19948e-05 -6.64196e-06 0.0508012)
       0.7325             (-0.000154449 -0.00023561 0.0500292)             (-4.19951e-05 -6.64222e-06 0.0508012)
        0.733             (-0.000154449 -0.00023561 0.0500292)             (-4.19954e-05 -6.64247e-06 0.0508012)
       0.7335             (-0.000154449 -0.00023561 0.0500292)             (-4.19956e-05 -6.64273e-06 0.0508012)
        0.734             (-0.000154449 -0.000235611 0.0500292)             (-4.19959e-05 -6.64298e-06 0.0508012)
       0.7345             (-0.000154449 -0.000235611 0.0500292)             (-4.19962e-05 -6.64323e-06 0.0508012)
        0.735             (-0.000154449 -0.000235611 0.0500292)             (-4.19964e-05 -6.64348e-06 0.0508012)
       0.7355             (-0.00015445 -0.000235611 0.0500292)             (-4.19967e-05 -6.64372e-06 0.0508012)
        0.736             (-0.00015445 -0.000235611 0.0500292)             (-4.1997e-05 -6.64397e-06 0.0508012)
       0.7365             (-0.00015445 -0.000235611 0.0500292)             (-4.19972e-05 -6.64422e-06 0.0508012)
        0.737             (-0.00015445 -0.000235611 0.0500292)             (-4.19975e-05 -6.64446e-06 0.0508012)
       0.7375             (-0.00015445 -0.000235611 0.0500292)             (-4.19977e-05 -6.6447e-06 0.0508012)
        0.738             (-0.00015445 -0.000235611 0.0500292)             (-4.1998e-05 -6.64493e-06 0.0508012)
       0.7385             (-0.00015445 -0.000235611 0.0500292)             (-4.19982e-05 -6.64518e-06 0.0508012)
        0.739             (-0.00015445 -0.000235611 0.0500292)             (-4.19985e-05 -6.64541e-06 0.0508012)
       0.7395             (-0.00015445 -0.000235612 0.0500292)             (-4.19988e-05 -6.64564e-06 0.0508012)
         0.74             (-0.00015445 -0.000235612 0.0500292)             (-4.1999e-05 -6.64588e-06 0.0508012)
       0.7405             (-0.000154451 -0.000235612 0.0500292)             (-4.19992e-05 -6.64611e-06 0.0508012)
        0.741             (-0.000154451 -0.000235612 0.0500292)             (-4.19995e-05 -6.64634e-06 0.0508012)
       0.7415             (-0.000154451 -0.000235612 0.0500292)             (-4.19997e-05 -6.64657e-06 0.0508012)
        0.742             (-0.000154451 -0.000235612 0.0500292)             (-4.2e-05 -6.6468e-06 0.0508012)
       0.7425             (-0.000154451 -0.000235612 0.0500292)             (-4.20002e-05 -6.64703e-06 0.0508012)
        0.743             (-0.000154451 -0.000235612 0.0500292)             (-4.20005e-05 -6.64725e-06 0.0508012)
       0.7435             (-0.000154451 -0.000235612 0.0500292)             (-4.20007e-05 -6.64748e-06 0.0508012)
        0.744             (-0.000154451 -0.000235612 0.0500292)             (-4.20009e-05 -6.6477e-06 0.0508012)
       0.7445             (-0.000154451 -0.000235612 0.0500292)             (-4.20012e-05 -6.64792e-06 0.0508012)
        0.745             (-0.000154451 -0.000235612 0.0500292)             (-4.20014e-05 -6.64814e-06 0.0508012)
       0.7455             (-0.000154451 -0.000235613 0.0500292)             (-4.20016e-05 -6.64836e-06 0.0508012)
        0.746             (-0.000154452 -0.000235613 0.0500292)             (-4.20019e-05 -6.64857e-06 0.0508012)
       0.7465             (-0.000154452 -0.000235613 0.0500292)             (-4.20021e-05 -6.6488e-06 0.0508012)
        0.747             (-0.000154452 -0.000235613 0.0500292)             (-4.20023e-05 -6.64901e-06 0.0508012)
       0.7475             (-0.000154452 -0.000235613 0.0500292)             (-4.20026e-05 -6.64922e-06 0.0508012)
        0.748             (-0.000154452 -0.000235613 0.0500292)             (-4.20028e-05 -6.64944e-06 0.0508012)
       0.7485             (-0.000154452 -0.000235613 0.0500292)             (-4.2003e-05 -6.64965e-06 0.0508012)
        0.749             (-0.000154452 -0.000235613 0.0500292)             (-4.20032e-05 -6.64985e-06 0.0508012)
       0.7495             (-0.000154452 -0.000235613 0.0500292)             (-4.20035e-05 -6.65006e-06 0.0508012)
         0.75             (-0.000154452 -0.000235613 0.0500292)             (-4.20037e-05 -6.65027e-06 0.0508012)
       0.7505             (-0.000154452 -0.000235613 0.0500292)             (-4.20039e-05 -6.65048e-06 0.0508012)
        0.751             (-0.000154452 -0.000235613 0.0500292)             (-4.20041e-05 -6.65068e-06 0.0508012)
       0.7515             (-0.000154452 -0.000235613 0.0500292)             (-4.20043e-05 -6.65088e-06 0.0508012)
        0.752             (-0.000154453 -0.000235614 0.0500292)             (-4.20046e-05 -6.65108e-06 0.0508012)
       0.7525             (-0.000154453 -0.000235614 0.0500292)             (-4.20048e-05 -6.65128e-06 0.0508012)
        0.753             (-0.000154453 -0.000235614 0.0500292)             (-4.2005e-05 -6.65149e-06 0.0508012)
       0.7535             (-0.000154453 -0.000235614 0.0500292)             (-4.20052e-05 -6.65169e-06 0.0508012)
        0.754             (-0.000154453 -0.000235614 0.0500292)             (-4.20054e-05 -6.65188e-06 0.0508012)
       0.7545             (-0.000154453 -0.000235614 0.0500292)             (-4.20056e-05 -6.65207e-06 0.0508012)
        0.755             (-0.000154453 -0.000235614 0.0500292)             (-4.20058e-05 -6.65227e-06 0.0508012)
       0.7555             (-0.000154453 -0.000235614 0.0500292)             (-4.2006e-05 -6.65247e-06 0.0508012)
        0.756             (-0.000154453 -0.000235614 0.0500292)             (-4.20062e-05 -6.65266e-06 0.0508012)
       0.7565             (-0.000154453 -0.000235614 0.0500292)             (-4.20064e-05 -6.65285e-06 0.0508012)
        0.757             (-0.000154453 -0.000235614 0.0500292)             (-4.20066e-05 -6.65304e-06 0.0508012)
       0.7575             (-0.000154453 -0.000235614 0.0500292)             (-4.20068e-05 -6.65323e-06 0.0508012)
        0.758             (-0.000154453 -0.000235614 0.0500292)             (-4.2007e-05 -6.65342e-06 0.0508012)
       0.7585             (-0.000154454 -0.000235614 0.0500292)             (-4.20072e-05 -6.65361e-06 0.0508012)
        0.759             (-0.000154454 -0.000235615 0.0500292)             (-4.20074e-05 -6.65379e-06 0.0508012)
       0.7595             (-0.000154454 -0.000235615 0.0500292)             (-4.20076e-05 -6.65397e-06 0.0508012)
         0.76             (-0.000154454 -0.000235615 0.0500292)             (-4.20078e-05 -6.65416e-06 0.0508012)
       0.7605             (-0.000154454 -0.000235615 0.0500292)             (-4.2008e-05 -6.65434e-06 0.0508012)
        0.761             (-0.000154454 -0.000235615 0.0500292)             (-4.20082e-05 -6.65452e-06 0.0508012)
       0.7615             (-0.000154454 -0.000235615 0.0500292)             (-4.20084e-05 -6.6547e-06 0.0508012)
        0.762             (-0.000154454 -0.000235615 0.0500292)             (-4.20086e-05 -6.65488e-06 0.0508012)
       0.7625             (-0.000154454 -0.000235615 0.0500292)             (-4.20088e-05 -6.65506e-06 0.0508012)
        0.763             (-0.000154454 -0.000235615 0.0500292)             (-4.2009e-05 -6.65523e-06 0.0508012)
       0.7635             (-0.000154454 -0.000235615 0.0500292)             (-4.20092e-05 -6.6554e-06 0.0508012)
        0.764             (-0.000154454 -0.000235615 0.0500292)             (-4.20094e-05 -6.65558e-06 0.0508012)
       0.7645             (-0.000154454 -0.000235615 0.0500292)             (-4.20095e-05 -6.65576e-06 0.0508012)
        0.765             (-0.000154455 -0.000235615 0.0500292)             (-4.20097e-05 -6.65593e-06 0.0508012)
       0.7655             (-0.000154455 -0.000235615 0.0500292)             (-4.20099e-05 -6.6561e-06 0.0508012)
        0.766             (-0.000154455 -0.000235615 0.0500292)             (-4.20101e-05 -6.65627e-06 0.0508012)
       0.7665             (-0.000154455 -0.000235616 0.0500292)             (-4.20103e-05 -6.65645e-06 0.0508012)
        0.767             (-0.000154455 -0.000235616 0.0500292)             (-4.20105e-05 -6.65661e-06 0.0508012)
       0.7675             (-0.000154455 -0.000235616 0.0500292)             (-4.20106e-05 -6.65678e-06 0.0508012)
        0.768             (-0.000154455 -0.000235616 0.0500292)             (-4.20108e-05 -6.65694e-06 0.0508012)
       0.7685             (-0.000154455 -0.000235616 0.0500292)             (-4.2011e-05 -6.65711e-06 0.0508012)
        0.769             (-0.000154455 -0.000235616 0.0500292)             (-4.20112e-05 -6.65727e-06 0.0508012)
       0.7695             (-0.000154455 -0.000235616 0.0500292)             (-4.20113e-05 -6.65744e-06 0.0508012)
         0.77             (-0.000154455 -0.000235616 0.0500292)             (-4.20115e-05 -6.6576e-06 0.0508012)
       0.7705             (-0.000154455 -0.000235616 0.0500292)             (-4.20117e-05 -6.65776e-06 0.0508012)
        0.771             (-0.000154455 -0.000235616 0.0500292)             (-4.20119e-05 -6.65792e-06 0.0508012)
       0.7715             (-0.000154455 -0.000235616 0.0500292)             (-4.2012e-05 -6.65808e-06 0.0508012)
        0.772             (-0.000154455 -0.000235616 0.0500292)             (-4.20122e-05 -6.65825e-06 0.0508012)
       0.7725             (-0.000154456 -0.000235616 0.0500292)             (-4.20124e-05 -6.6584e-06 0.0508012)
        0.773             (-0.000154456 -0.000235616 0.0500292)             (-4.20125e-05 -6.65855e-06 0.0508012)
       0.7735             (-0.000154456 -0.000235616 0.0500292)             (-4.20127e-05 -6.65871e-06 0.0508012)
        0.774             (-0.000154456 -0.000235616 0.0500292)             (-4.20129e-05 -6.65887e-06 0.0508012)
       0.7745             (-0.000154456 -0.000235616 0.0500292)             (-4.2013e-05 -6.65902e-06 0.0508012)
        0.775             (-0.000154456 -0.000235617 0.0500292)             (-4.20132e-05 -6.65917e-06 0.0508012)
       0.7755             (-0.000154456 -0.000235617 0.0500292)             (-4.20134e-05 -6.65932e-06 0.0508012)
        0.776             (-0.000154456 -0.000235617 0.0500292)             (-4.20135e-05 -6.65947e-06 0.0508012)
       0.7765             (-0.000154456 -0.000235617 0.0500292)             (-4.20137e-05 -6.65962e-06 0.0508012)
        0.777             (-0.000154456 -0.000235617 0.0500292)             (-4.20138e-05 -6.65977e-06 0.0508012)
       0.7775             (-0.000154456 -0.000235617 0.0500292)             (-4.2014e-05 -6.65992e-06 0.0508012)
        0.778             (-0.000154456 -0.000235617 0.0500292)             (-4.20141e-05 -6.66007e-06 0.0508012)
       0.7785             (-0.000154456 -0.000235617 0.0500292)             (-4.20143e-05 -6.66021e-06 0.0508012)
        0.779             (-0.000154456 -0.000235617 0.0500292)             (-4.20145e-05 -6.66036e-06 0.0508012)
       0.7795             (-0.000154456 -0.000235617 0.0500292)             (-4.20146e-05 -6.66051e-06 0.0508012)
         0.78             (-0.000154456 -0.000235617 0.0500292)             (-4.20148e-05 -6.66065e-06 0.0508012)
       0.7805             (-0.000154456 -0.000235617 0.0500292)             (-4.20149e-05 -6.66079e-06 0.0508012)
        0.781             (-0.000154457 -0.000235617 0.0500292)             (-4.20151e-05 -6.66093e-06 0.0508012)
       0.7815             (-0.000154457 -0.000235617 0.0500292)             (-4.20152e-05 -6.66107e-06 0.0508012)
        0.782             (-0.000154457 -0.000235617 0.0500292)             (-4.20154e-05 -6.66122e-06 0.0508012)
       0.7825             (-0.000154457 -0.000235617 0.0500292)             (-4.20155e-05 -6.66135e-06 0.0508012)
        0.783             (-0.000154457 -0.000235617 0.0500292)             (-4.20157e-05 -6.66148e-06 0.0508012)
       0.7835             (-0.000154457 -0.000235617 0.0500292)             (-4.20158e-05 -6.66163e-06 0.0508012)
        0.784             (-0.000154457 -0.000235617 0.0500292)             (-4.2016e-05 -6.66177e-06 0.0508012)
       0.7845             (-0.000154457 -0.000235618 0.0500292)             (-4.20161e-05 -6.6619e-06 0.0508012)
        0.785             (-0.000154457 -0.000235618 0.0500292)             (-4.20163e-05 -6.66204e-06 0.0508012)
       0.7855             (-0.000154457 -0.000235618 0.0500292)             (-4.20164e-05 -6.66217e-06 0.0508012)
        0.786             (-0.000154457 -0.000235618 0.0500292)             (-4.20165e-05 -6.6623e-06 0.0508012)
       0.7865             (-0.000154457 -0.000235618 0.0500292)             (-4.20167e-05 -6.66243e-06 0.0508012)
        0.787             (-0.000154457 -0.000235618 0.0500292)             (-4.20168e-05 -6.66257e-06 0.0508012)
       0.7875             (-0.000154457 -0.000235618 0.0500292)             (-4.2017e-05 -6.6627e-06 0.0508012)
        0.788             (-0.000154457 -0.000235618 0.0500292)             (-4.20171e-05 -6.66283e-06 0.0508012)
       0.7885             (-0.000154457 -0.000235618 0.0500292)             (-4.20172e-05 -6.66296e-06 0.0508012)
        0.789             (-0.000154457 -0.000235618 0.0500292)             (-4.20174e-05 -6.66309e-06 0.0508012)
       0.7895             (-0.000154457 -0.000235618 0.0500292)             (-4.20175e-05 -6.66322e-06 0.0508012)
         0.79             (-0.000154457 -0.000235618 0.0500292)             (-4.20177e-05 -6.66335e-06 0.0508012)
       0.7905             (-0.000154458 -0.000235618 0.0500292)             (-4.20178e-05 -6.66347e-06 0.0508012)
        0.791             (-0.000154458 -0.000235618 0.0500292)             (-4.20179e-05 -6.66359e-06 0.0508012)
       0.7915             (-0.000154458 -0.000235618 0.0500292)             (-4.20181e-05 -6.66372e-06 0.0508012)
        0.792             (-0.000154458 -0.000235618 0.0500292)             (-4.20182e-05 -6.66385e-06 0.0508012)
       0.7925             (-0.000154458 -0.000235618 0.0500292)             (-4.20183e-05 -6.66397e-06 0.0508012)
        0.793             (-0.000154458 -0.000235618 0.0500292)             (-4.20185e-05 -6.66409e-06 0.0508012)
       0.7935             (-0.000154458 -0.000235618 0.0500292)             (-4.20186e-05 -6.66421e-06 0.0508012)
        0.794             (-0.000154458 -0.000235618 0.0500292)             (-4.20187e-05 -6.66434e-06 0.0508012)
       0.7945             (-0.000154458 -0.000235618 0.0500292)             (-4.20189e-05 -6.66446e-06 0.0508012)
        0.795             (-0.000154458 -0.000235619 0.0500292)             (-4.2019e-05 -6.66457e-06 0.0508012)
       0.7955             (-0.000154458 -0.000235619 0.0500292)             (-4.20191e-05 -6.66469e-06 0.0508012)
        0.796             (-0.000154458 -0.000235619 0.0500292)             (-4.20192e-05 -6.66481e-06 0.0508012)
       0.7965             (-0.000154458 -0.000235619 0.0500292)             (-4.20194e-05 -6.66493e-06 0.0508012)
        0.797             (-0.000154458 -0.000235619 0.0500292)             (-4.20195e-05 -6.66504e-06 0.0508012)
       0.7975             (-0.000154458 -0.000235619 0.0500292)             (-4.20196e-05 -6.66516e-06 0.0508012)
        0.798             (-0.000154458 -0.000235619 0.0500292)             (-4.20197e-05 -6.66528e-06 0.0508012)
       0.7985             (-0.000154458 -0.000235619 0.0500292)             (-4.20199e-05 -6.66539e-06 0.0508012)
        0.799             (-0.000154458 -0.000235619 0.0500292)             (-4.202e-05 -6.66551e-06 0.0508012)
       0.7995             (-0.000154458 -0.000235619 0.0500292)             (-4.20201e-05 -6.66562e-06 0.0508012)
          0.8             (-0.000154458 -0.000235619 0.0500292)             (-4.20202e-05 -6.66573e-06 0.0508012)
       0.8005             (-0.000154458 -0.000235619 0.0500292)             (-4.20203e-05 -6.66584e-06 0.0508012)
        0.801             (-0.000154459 -0.000235619 0.0500292)             (-4.20205e-05 -6.66596e-06 0.0508012)
       0.8015             (-0.000154459 -0.000235619 0.0500292)             (-4.20206e-05 -6.66607e-06 0.0508012)
        0.802             (-0.000154459 -0.000235619 0.0500292)             (-4.20207e-05 -6.66618e-06 0.0508012)
       0.8025             (-0.000154459 -0.000235619 0.0500292)             (-4.20208e-05 -6.66629e-06 0.0508012)
        0.803             (-0.000154459 -0.000235619 0.0500292)             (-4.20209e-05 -6.66639e-06 0.0508012)
       0.8035             (-0.000154459 -0.000235619 0.0500292)             (-4.20211e-05 -6.6665e-06 0.0508012)
        0.804             (-0.000154459 -0.000235619 0.0500292)             (-4.20212e-05 -6.66661e-06 0.0508012)
       0.8045             (-0.000154459 -0.000235619 0.0500292)             (-4.20213e-05 -6.66672e-06 0.0508012)
        0.805             (-0.000154459 -0.000235619 0.0500292)             (-4.20214e-05 -6.66682e-06 0.0508012)
       0.8055             (-0.000154459 -0.000235619 0.0500292)             (-4.20215e-05 -6.66692e-06 0.0508012)
        0.806             (-0.000154459 -0.000235619 0.0500292)             (-4.20216e-05 -6.66703e-06 0.0508012)
       0.8065             (-0.000154459 -0.000235619 0.0500292)             (-4.20217e-05 -6.66714e-06 0.0508012)
        0.807             (-0.000154459 -0.000235619 0.0500292)             (-4.20218e-05 -6.66724e-06 0.0508012)
       0.8075             (-0.000154459 -0.00023562 0.0500292)             (-4.20219e-05 -6.66734e-06 0.0508012)
        0.808             (-0.000154459 -0.00023562 0.0500292)             (-4.20221e-05 -6.66744e-06 0.0508012)
       0.8085             (-0.000154459 -0.00023562 0.0500292)             (-4.20222e-05 -6.66755e-06 0.0508012)
        0.809             (-0.000154459 -0.00023562 0.0500292)             (-4.20223e-05 -6.66765e-06 0.0508012)
       0.8095             (-0.000154459 -0.00023562 0.0500292)             (-4.20224e-05 -6.66775e-06 0.0508012)
         0.81             (-0.000154459 -0.00023562 0.0500292)             (-4.20225e-05 -6.66785e-06 0.0508012)
       0.8105             (-0.000154459 -0.00023562 0.0500292)             (-4.20226e-05 -6.66795e-06 0.0508012)
        0.811             (-0.000154459 -0.00023562 0.0500292)             (-4.20227e-05 -6.66805e-06 0.0508012)
       0.8115             (-0.000154459 -0.00023562 0.0500292)             (-4.20228e-05 -6.66815e-06 0.0508012)
        0.812             (-0.000154459 -0.00023562 0.0500292)             (-4.20229e-05 -6.66824e-06 0.0508012)
       0.8125             (-0.000154459 -0.00023562 0.0500292)             (-4.2023e-05 -6.66834e-06 0.0508012)
        0.813             (-0.00015446 -0.00023562 0.0500292)             (-4.20231e-05 -6.66843e-06 0.0508012)
       0.8135             (-0.00015446 -0.00023562 0.0500292)             (-4.20232e-05 -6.66853e-06 0.0508012)
        0.814             (-0.00015446 -0.00023562 0.0500292)             (-4.20233e-05 -6.66863e-06 0.0508012)
       0.8145             (-0.00015446 -0.00023562 0.0500292)             (-4.20234e-05 -6.66873e-06 0.0508012)
        0.815             (-0.00015446 -0.00023562 0.0500292)             (-4.20235e-05 -6.66881e-06 0.0508012)
       0.8155             (-0.00015446 -0.00023562 0.0500292)             (-4.20236e-05 -6.6689e-06 0.0508012)
        0.816             (-0.00015446 -0.00023562 0.0500292)             (-4.20237e-05 -6.669e-06 0.0508012)
       0.8165             (-0.00015446 -0.00023562 0.0500292)             (-4.20238e-05 -6.6691e-06 0.0508012)
        0.817             (-0.00015446 -0.00023562 0.0500292)             (-4.20239e-05 -6.66918e-06 0.0508012)
       0.8175             (-0.00015446 -0.00023562 0.0500292)             (-4.2024e-05 -6.66927e-06 0.0508012)
        0.818             (-0.00015446 -0.00023562 0.0500292)             (-4.20241e-05 -6.66936e-06 0.0508012)
       0.8185             (-0.00015446 -0.00023562 0.0500292)             (-4.20242e-05 -6.66946e-06 0.0508012)
        0.819             (-0.00015446 -0.00023562 0.0500292)             (-4.20243e-05 -6.66954e-06 0.0508012)
       0.8195             (-0.00015446 -0.00023562 0.0500292)             (-4.20244e-05 -6.66963e-06 0.0508012)
         0.82             (-0.00015446 -0.00023562 0.0500292)             (-4.20245e-05 -6.66972e-06 0.0508012)
       0.8205             (-0.00015446 -0.00023562 0.0500292)             (-4.20246e-05 -6.66981e-06 0.0508012)
        0.821             (-0.00015446 -0.00023562 0.0500292)             (-4.20247e-05 -6.6699e-06 0.0508012)
       0.8215             (-0.00015446 -0.00023562 0.0500292)             (-4.20248e-05 -6.66999e-06 0.0508012)
        0.822             (-0.00015446 -0.00023562 0.0500292)             (-4.20249e-05 -6.67007e-06 0.0508012)
       0.8225             (-0.00015446 -0.000235621 0.0500292)             (-4.2025e-05 -6.67015e-06 0.0508012)
        0.823             (-0.00015446 -0.000235621 0.0500292)             (-4.20251e-05 -6.67024e-06 0.0508012)
       0.8235             (-0.00015446 -0.000235621 0.0500292)             (-4.20251e-05 -6.67033e-06 0.0508012)
        0.824             (-0.00015446 -0.000235621 0.0500292)             (-4.20252e-05 -6.67041e-06 0.0508012)
       0.8245             (-0.00015446 -0.000235621 0.0500292)             (-4.20253e-05 -6.67048e-06 0.0508012)
        0.825             (-0.00015446 -0.000235621 0.0500292)             (-4.20254e-05 -6.67057e-06 0.0508012)
       0.8255             (-0.00015446 -0.000235621 0.0500292)             (-4.20255e-05 -6.67066e-06 0.0508012)
        0.826             (-0.00015446 -0.000235621 0.0500292)             (-4.20256e-05 -6.67074e-06 0.0508012)
       0.8265             (-0.00015446 -0.000235621 0.0500292)             (-4.20257e-05 -6.67081e-06 0.0508012)
        0.827             (-0.00015446 -0.000235621 0.0500292)             (-4.20258e-05 -6.6709e-06 0.0508012)
       0.8275             (-0.000154461 -0.000235621 0.0500292)             (-4.20258e-05 -6.67099e-06 0.0508012)
        0.828             (-0.000154461 -0.000235621 0.0500292)             (-4.20259e-05 -6.67106e-06 0.0508012)
       0.8285             (-0.000154461 -0.000235621 0.0500292)             (-4.2026e-05 -6.67114e-06 0.0508012)
        0.829             (-0.000154461 -0.000235621 0.0500292)             (-4.20261e-05 -6.67122e-06 0.0508012)
       0.8295             (-0.000154461 -0.000235621 0.0500292)             (-4.20262e-05 -6.67131e-06 0.0508012)
         0.83             (-0.000154461 -0.000235621 0.0500292)             (-4.20263e-05 -6.67138e-06 0.0508012)
       0.8305             (-0.000154461 -0.000235621 0.0500292)             (-4.20264e-05 -6.67145e-06 0.0508012)
        0.831             (-0.000154461 -0.000235621 0.0500292)             (-4.20264e-05 -6.67153e-06 0.0508012)
       0.8315             (-0.000154461 -0.000235621 0.0500292)             (-4.20265e-05 -6.67162e-06 0.0508012)
        0.832             (-0.000154461 -0.000235621 0.0500292)             (-4.20266e-05 -6.67169e-06 0.0508012)
       0.8325             (-0.000154461 -0.000235621 0.0500292)             (-4.20267e-05 -6.67175e-06 0.0508012)
        0.833             (-0.000154461 -0.000235621 0.0500292)             (-4.20268e-05 -6.67184e-06 0.0508012)
       0.8335             (-0.000154461 -0.000235621 0.0500292)             (-4.20268e-05 -6.67192e-06 0.0508012)
        0.834             (-0.000154461 -0.000235621 0.0500292)             (-4.20269e-05 -6.67199e-06 0.0508012)
       0.8345             (-0.000154461 -0.000235621 0.0500292)             (-4.2027e-05 -6.67205e-06 0.0508012)
        0.835             (-0.000154461 -0.000235621 0.0500292)             (-4.20271e-05 -6.67213e-06 0.0508012)
       0.8355             (-0.000154461 -0.000235621 0.0500292)             (-4.20272e-05 -6.67221e-06 0.0508012)
        0.836             (-0.000154461 -0.000235621 0.0500292)             (-4.20272e-05 -6.67228e-06 0.0508012)
       0.8365             (-0.000154461 -0.000235621 0.0500292)             (-4.20273e-05 -6.67235e-06 0.0508012)
        0.837             (-0.000154461 -0.000235621 0.0500292)             (-4.20274e-05 -6.67242e-06 0.0508012)
       0.8375             (-0.000154461 -0.000235621 0.0500292)             (-4.20275e-05 -6.6725e-06 0.0508012)
        0.838             (-0.000154461 -0.000235621 0.0500292)             (-4.20276e-05 -6.67257e-06 0.0508012)
       0.8385             (-0.000154461 -0.000235621 0.0500292)             (-4.20276e-05 -6.67263e-06 0.0508012)
        0.839             (-0.000154461 -0.000235621 0.0500292)             (-4.20277e-05 -6.67271e-06 0.0508012)
       0.8395             (-0.000154461 -0.000235621 0.0500292)             (-4.20278e-05 -6.67278e-06 0.0508012)
         0.84             (-0.000154461 -0.000235621 0.0500292)             (-4.20279e-05 -6.67284e-06 0.0508012)
       0.8405             (-0.000154461 -0.000235622 0.0500292)             (-4.20279e-05 -6.67291e-06 0.0508012)
        0.841             (-0.000154461 -0.000235622 0.0500292)             (-4.2028e-05 -6.67298e-06 0.0508012)
       0.8415             (-0.000154461 -0.000235622 0.0500292)             (-4.20281e-05 -6.67306e-06 0.0508012)
        0.842             (-0.000154461 -0.000235622 0.0500292)             (-4.20281e-05 -6.67312e-06 0.0508012)
       0.8425             (-0.000154461 -0.000235622 0.0500292)             (-4.20282e-05 -6.67318e-06 0.0508012)
        0.843             (-0.000154461 -0.000235622 0.0500292)             (-4.20283e-05 -6.67325e-06 0.0508012)
       0.8435             (-0.000154461 -0.000235622 0.0500292)             (-4.20284e-05 -6.67332e-06 0.0508012)
        0.844             (-0.000154461 -0.000235622 0.0500292)             (-4.20284e-05 -6.67338e-06 0.0508012)
       0.8445             (-0.000154461 -0.000235622 0.0500292)             (-4.20285e-05 -6.67344e-06 0.0508012)
        0.845             (-0.000154462 -0.000235622 0.0500292)             (-4.20286e-05 -6.67351e-06 0.0508012)
       0.8455             (-0.000154462 -0.000235622 0.0500292)             (-4.20286e-05 -6.67358e-06 0.0508012)
        0.846             (-0.000154462 -0.000235622 0.0500292)             (-4.20287e-05 -6.67364e-06 0.0508012)
       0.8465             (-0.000154462 -0.000235622 0.0500292)             (-4.20288e-05 -6.6737e-06 0.0508012)
        0.847             (-0.000154462 -0.000235622 0.0500292)             (-4.20289e-05 -6.67377e-06 0.0508012)
       0.8475             (-0.000154462 -0.000235622 0.0500292)             (-4.20289e-05 -6.67384e-06 0.0508012)
        0.848             (-0.000154462 -0.000235622 0.0500292)             (-4.2029e-05 -6.6739e-06 0.0508012)
       0.8485             (-0.000154462 -0.000235622 0.0500292)             (-4.20291e-05 -6.67395e-06 0.0508012)
        0.849             (-0.000154462 -0.000235622 0.0500292)             (-4.20291e-05 -6.67402e-06 0.0508012)
       0.8495             (-0.000154462 -0.000235622 0.0500292)             (-4.20292e-05 -6.67409e-06 0.0508012)
         0.85             (-0.000154462 -0.000235622 0.0500292)             (-4.20293e-05 -6.67414e-06 0.0508012)
       0.8505             (-0.000154462 -0.000235622 0.0500292)             (-4.20293e-05 -6.6742e-06 0.0508012)
        0.851             (-0.000154462 -0.000235622 0.0500292)             (-4.20294e-05 -6.67426e-06 0.0508012)
       0.8515             (-0.000154462 -0.000235622 0.0500292)             (-4.20294e-05 -6.67433e-06 0.0508012)
        0.852             (-0.000154462 -0.000235622 0.0500292)             (-4.20295e-05 -6.67438e-06 0.0508012)
       0.8525             (-0.000154462 -0.000235622 0.0500292)             (-4.20296e-05 -6.67444e-06 0.0508012)
        0.853             (-0.000154462 -0.000235622 0.0500292)             (-4.20296e-05 -6.6745e-06 0.0508012)
       0.8535             (-0.000154462 -0.000235622 0.0500292)             (-4.20297e-05 -6.67457e-06 0.0508012)
        0.854             (-0.000154462 -0.000235622 0.0500292)             (-4.20298e-05 -6.67462e-06 0.0508012)
       0.8545             (-0.000154462 -0.000235622 0.0500292)             (-4.20298e-05 -6.67467e-06 0.0508012)
        0.855             (-0.000154462 -0.000235622 0.0500292)             (-4.20299e-05 -6.67474e-06 0.0508012)
       0.8555             (-0.000154462 -0.000235622 0.0500292)             (-4.20299e-05 -6.6748e-06 0.0508012)
        0.856             (-0.000154462 -0.000235622 0.0500292)             (-4.203e-05 -6.67485e-06 0.0508012)
       0.8565             (-0.000154462 -0.000235622 0.0500292)             (-4.20301e-05 -6.6749e-06 0.0508012)
        0.857             (-0.000154462 -0.000235622 0.0500292)             (-4.20301e-05 -6.67496e-06 0.0508012)
       0.8575             (-0.000154462 -0.000235622 0.0500292)             (-4.20302e-05 -6.67502e-06 0.0508012)
        0.858             (-0.000154462 -0.000235622 0.0500292)             (-4.20303e-05 -6.67507e-06 0.0508012)
       0.8585             (-0.000154462 -0.000235622 0.0500292)             (-4.20303e-05 -6.67512e-06 0.0508012)
        0.859             (-0.000154462 -0.000235622 0.0500292)             (-4.20304e-05 -6.67518e-06 0.0508012)
       0.8595             (-0.000154462 -0.000235622 0.0500292)             (-4.20304e-05 -6.67524e-06 0.0508012)
         0.86             (-0.000154462 -0.000235622 0.0500292)             (-4.20305e-05 -6.67529e-06 0.0508012)
       0.8605             (-0.000154462 -0.000235622 0.0500292)             (-4.20306e-05 -6.67534e-06 0.0508012)
        0.861             (-0.000154462 -0.000235622 0.0500292)             (-4.20306e-05 -6.6754e-06 0.0508012)
       0.8615             (-0.000154462 -0.000235622 0.0500292)             (-4.20307e-05 -6.67546e-06 0.0508012)
        0.862             (-0.000154462 -0.000235622 0.0500292)             (-4.20307e-05 -6.67551e-06 0.0508012)
       0.8625             (-0.000154462 -0.000235622 0.0500292)             (-4.20308e-05 -6.67555e-06 0.0508012)
        0.863             (-0.000154462 -0.000235622 0.0500292)             (-4.20308e-05 -6.67561e-06 0.0508012)
       0.8635             (-0.000154462 -0.000235623 0.0500292)             (-4.20309e-05 -6.67567e-06 0.0508012)
        0.864             (-0.000154462 -0.000235623 0.0500292)             (-4.20309e-05 -6.67571e-06 0.0508012)
       0.8645             (-0.000154462 -0.000235623 0.0500292)             (-4.2031e-05 -6.67576e-06 0.0508012)
        0.865             (-0.000154462 -0.000235623 0.0500292)             (-4.20311e-05 -6.67582e-06 0.0508012)
       0.8655             (-0.000154462 -0.000235623 0.0500292)             (-4.20311e-05 -6.67587e-06 0.0508012)
        0.866             (-0.000154462 -0.000235623 0.0500292)             (-4.20312e-05 -6.67592e-06 0.0508012)
       0.8665             (-0.000154462 -0.000235623 0.0500292)             (-4.20312e-05 -6.67596e-06 0.0508012)
        0.867             (-0.000154462 -0.000235623 0.0500292)             (-4.20313e-05 -6.67602e-06 0.0508012)
       0.8675             (-0.000154462 -0.000235623 0.0500292)             (-4.20313e-05 -6.67607e-06 0.0508012)
        0.868             (-0.000154463 -0.000235623 0.0500292)             (-4.20314e-05 -6.67612e-06 0.0508012)
       0.8685             (-0.000154463 -0.000235623 0.0500292)             (-4.20314e-05 -6.67616e-06 0.0508012)
        0.869             (-0.000154463 -0.000235623 0.0500292)             (-4.20315e-05 -6.67621e-06 0.0508012)
       0.8695             (-0.000154463 -0.000235623 0.0500292)             (-4.20315e-05 -6.67627e-06 0.0508012)
         0.87             (-0.000154463 -0.000235623 0.0500292)             (-4.20316e-05 -6.67631e-06 0.0508012)
       0.8705             (-0.000154463 -0.000235623 0.0500292)             (-4.20316e-05 -6.67635e-06 0.0508012)
        0.871             (-0.000154463 -0.000235623 0.0500292)             (-4.20317e-05 -6.6764e-06 0.0508012)
       0.8715             (-0.000154463 -0.000235623 0.0500292)             (-4.20317e-05 -6.67646e-06 0.0508012)
        0.872             (-0.000154463 -0.000235623 0.0500292)             (-4.20318e-05 -6.6765e-06 0.0508012)
       0.8725             (-0.000154463 -0.000235623 0.0500292)             (-4.20318e-05 -6.67654e-06 0.0508012)
        0.873             (-0.000154463 -0.000235623 0.0500292)             (-4.20319e-05 -6.67659e-06 0.0508012)
       0.8735             (-0.000154463 -0.000235623 0.0500292)             (-4.20319e-05 -6.67664e-06 0.0508012)
        0.874             (-0.000154463 -0.000235623 0.0500292)             (-4.2032e-05 -6.67668e-06 0.0508012)
       0.8745             (-0.000154463 -0.000235623 0.0500292)             (-4.2032e-05 -6.67672e-06 0.0508012)
        0.875             (-0.000154463 -0.000235623 0.0500292)             (-4.20321e-05 -6.67677e-06 0.0508012)
       0.8755             (-0.000154463 -0.000235623 0.0500292)             (-4.20321e-05 -6.67682e-06 0.0508012)
        0.876             (-0.000154463 -0.000235623 0.0500292)             (-4.20322e-05 -6.67686e-06 0.0508012)
       0.8765             (-0.000154463 -0.000235623 0.0500292)             (-4.20322e-05 -6.6769e-06 0.0508012)
        0.877             (-0.000154463 -0.000235623 0.0500292)             (-4.20323e-05 -6.67695e-06 0.0508012)
       0.8775             (-0.000154463 -0.000235623 0.0500292)             (-4.20323e-05 -6.677e-06 0.0508012)
        0.878             (-0.000154463 -0.000235623 0.0500292)             (-4.20324e-05 -6.67704e-06 0.0508012)
       0.8785             (-0.000154463 -0.000235623 0.0500292)             (-4.20324e-05 -6.67708e-06 0.0508012)
        0.879             (-0.000154463 -0.000235623 0.0500292)             (-4.20325e-05 -6.67713e-06 0.0508012)
       0.8795             (-0.000154463 -0.000235623 0.0500292)             (-4.20325e-05 -6.67717e-06 0.0508012)
         0.88             (-0.000154463 -0.000235623 0.0500292)             (-4.20326e-05 -6.67721e-06 0.0508012)
       0.8805             (-0.000154463 -0.000235623 0.0500292)             (-4.20326e-05 -6.67725e-06 0.0508012)
        0.881             (-0.000154463 -0.000235623 0.0500292)             (-4.20326e-05 -6.67729e-06 0.0508012)
       0.8815             (-0.000154463 -0.000235623 0.0500292)             (-4.20327e-05 -6.67734e-06 0.0508012)
        0.882             (-0.000154463 -0.000235623 0.0500292)             (-4.20327e-05 -6.67738e-06 0.0508012)
       0.8825             (-0.000154463 -0.000235623 0.0500292)             (-4.20328e-05 -6.67741e-06 0.0508012)
        0.883             (-0.000154463 -0.000235623 0.0500292)             (-4.20328e-05 -6.67746e-06 0.0508012)
       0.8835             (-0.000154463 -0.000235623 0.0500292)             (-4.20329e-05 -6.6775e-06 0.0508012)
        0.884             (-0.000154463 -0.000235623 0.0500292)             (-4.20329e-05 -6.67754e-06 0.0508012)
       0.8845             (-0.000154463 -0.000235623 0.0500292)             (-4.2033e-05 -6.67758e-06 0.0508012)
        0.885             (-0.000154463 -0.000235623 0.0500292)             (-4.2033e-05 -6.67762e-06 0.0508012)
       0.8855             (-0.000154463 -0.000235623 0.0500292)             (-4.2033e-05 -6.67766e-06 0.0508012)
        0.886             (-0.000154463 -0.000235623 0.0500292)             (-4.20331e-05 -6.6777e-06 0.0508012)
       0.8865             (-0.000154463 -0.000235623 0.0500292)             (-4.20331e-05 -6.67774e-06 0.0508012)
        0.887             (-0.000154463 -0.000235623 0.0500292)             (-4.20332e-05 -6.67778e-06 0.0508012)
       0.8875             (-0.000154463 -0.000235623 0.0500292)             (-4.20332e-05 -6.67782e-06 0.0508012)
        0.888             (-0.000154463 -0.000235623 0.0500292)             (-4.20332e-05 -6.67786e-06 0.0508012)
       0.8885             (-0.000154463 -0.000235623 0.0500292)             (-4.20333e-05 -6.67789e-06 0.0508012)
        0.889             (-0.000154463 -0.000235623 0.0500292)             (-4.20333e-05 -6.67793e-06 0.0508012)
       0.8895             (-0.000154463 -0.000235623 0.0500292)             (-4.20334e-05 -6.67797e-06 0.0508012)
         0.89             (-0.000154463 -0.000235623 0.0500292)             (-4.20334e-05 -6.67801e-06 0.0508012)
       0.8905             (-0.000154463 -0.000235623 0.0500292)             (-4.20335e-05 -6.67804e-06 0.0508012)
        0.891             (-0.000154463 -0.000235623 0.0500292)             (-4.20335e-05 -6.67808e-06 0.0508012)
       0.8915             (-0.000154463 -0.000235623 0.0500292)             (-4.20335e-05 -6.67812e-06 0.0508012)
        0.892             (-0.000154463 -0.000235623 0.0500292)             (-4.20336e-05 -6.67816e-06 0.0508012)
       0.8925             (-0.000154463 -0.000235623 0.0500292)             (-4.20336e-05 -6.67819e-06 0.0508012)
        0.893             (-0.000154463 -0.000235623 0.0500292)             (-4.20337e-05 -6.67823e-06 0.0508012)
       0.8935             (-0.000154463 -0.000235623 0.0500292)             (-4.20337e-05 -6.67827e-06 0.0508012)
        0.894             (-0.000154463 -0.000235623 0.0500292)             (-4.20337e-05 -6.6783e-06 0.0508012)
       0.8945             (-0.000154463 -0.000235623 0.0500292)             (-4.20338e-05 -6.67833e-06 0.0508012)
        0.895             (-0.000154463 -0.000235623 0.0500292)             (-4.20338e-05 -6.67837e-06 0.0508012)
       0.8955             (-0.000154463 -0.000235623 0.0500292)             (-4.20338e-05 -6.67841e-06 0.0508012)
        0.896             (-0.000154463 -0.000235623 0.0500292)             (-4.20339e-05 -6.67844e-06 0.0508012)
       0.8965             (-0.000154463 -0.000235623 0.0500292)             (-4.20339e-05 -6.67847e-06 0.0508012)
        0.897             (-0.000154463 -0.000235623 0.0500292)             (-4.2034e-05 -6.67851e-06 0.0508012)
       0.8975             (-0.000154463 -0.000235624 0.0500292)             (-4.2034e-05 -6.67855e-06 0.0508012)
        0.898             (-0.000154463 -0.000235624 0.0500292)             (-4.2034e-05 -6.67858e-06 0.0508012)
       0.8985             (-0.000154463 -0.000235624 0.0500292)             (-4.20341e-05 -6.67861e-06 0.0508012)
        0.899             (-0.000154463 -0.000235624 0.0500292)             (-4.20341e-05 -6.67865e-06 0.0508012)
       0.8995             (-0.000154464 -0.000235624 0.0500292)             (-4.20341e-05 -6.67868e-06 0.0508012)
          0.9             (-0.000154464 -0.000235624 0.0500292)             (-4.20342e-05 -6.67871e-06 0.0508012)
       0.9005             (-0.000154464 -0.000235624 0.0500292)             (-4.20342e-05 -6.67874e-06 0.0508012)
        0.901             (-0.000154464 -0.000235624 0.0500292)             (-4.20342e-05 -6.67878e-06 0.0508012)
       0.9015             (-0.000154464 -0.000235624 0.0500292)             (-4.20343e-05 -6.67881e-06 0.0508012)
        0.902             (-0.000154464 -0.000235624 0.0500292)             (-4.20343e-05 -6.67885e-06 0.0508012)
       0.9025             (-0.000154464 -0.000235624 0.0500292)             (-4.20343e-05 -6.67888e-06 0.0508012)
        0.903             (-0.000154464 -0.000235624 0.0500292)             (-4.20344e-05 -6.6789e-06 0.0508012)
       0.9035             (-0.000154464 -0.000235624 0.0500292)             (-4.20344e-05 -6.67894e-06 0.0508012)
        0.904             (-0.000154464 -0.000235624 0.0500292)             (-4.20344e-05 -6.67898e-06 0.0508012)
       0.9045             (-0.000154464 -0.000235624 0.0500292)             (-4.20345e-05 -6.679e-06 0.0508012)
        0.905             (-0.000154464 -0.000235624 0.0500292)             (-4.20345e-05 -6.67903e-06 0.0508012)
       0.9055             (-0.000154464 -0.000235624 0.0500292)             (-4.20346e-05 -6.67907e-06 0.0508012)
        0.906             (-0.000154464 -0.000235624 0.0500292)             (-4.20346e-05 -6.6791e-06 0.0508012)
       0.9065             (-0.000154464 -0.000235624 0.0500292)             (-4.20346e-05 -6.67913e-06 0.0508012)
        0.907             (-0.000154464 -0.000235624 0.0500292)             (-4.20347e-05 -6.67915e-06 0.0508012)
       0.9075             (-0.000154464 -0.000235624 0.0500292)             (-4.20347e-05 -6.67919e-06 0.0508012)
        0.908             (-0.000154464 -0.000235624 0.0500292)             (-4.20347e-05 -6.67922e-06 0.0508012)
       0.9085             (-0.000154464 -0.000235624 0.0500292)             (-4.20348e-05 -6.67925e-06 0.0508012)
        0.909             (-0.000154464 -0.000235624 0.0500292)             (-4.20348e-05 -6.67927e-06 0.0508012)
       0.9095             (-0.000154464 -0.000235624 0.0500292)             (-4.20348e-05 -6.67931e-06 0.0508012)
         0.91             (-0.000154464 -0.000235624 0.0500292)             (-4.20348e-05 -6.67934e-06 0.0508012)
       0.9105             (-0.000154464 -0.000235624 0.0500292)             (-4.20349e-05 -6.67937e-06 0.0508012)
        0.911             (-0.000154464 -0.000235624 0.0500292)             (-4.20349e-05 -6.67939e-06 0.0508012)
       0.9115             (-0.000154464 -0.000235624 0.0500292)             (-4.20349e-05 -6.67942e-06 0.0508012)
        0.912             (-0.000154464 -0.000235624 0.0500292)             (-4.2035e-05 -6.67946e-06 0.0508012)
       0.9125             (-0.000154464 -0.000235624 0.0500292)             (-4.2035e-05 -6.67948e-06 0.0508012)
        0.913             (-0.000154464 -0.000235624 0.0500292)             (-4.2035e-05 -6.6795e-06 0.0508012)
       0.9135             (-0.000154464 -0.000235624 0.0500292)             (-4.20351e-05 -6.67954e-06 0.0508012)
        0.914             (-0.000154464 -0.000235624 0.0500292)             (-4.20351e-05 -6.67957e-06 0.0508012)
       0.9145             (-0.000154464 -0.000235624 0.0500292)             (-4.20351e-05 -6.67959e-06 0.0508012)
        0.915             (-0.000154464 -0.000235624 0.0500292)             (-4.20352e-05 -6.67962e-06 0.0508012)
       0.9155             (-0.000154464 -0.000235624 0.0500292)             (-4.20352e-05 -6.67965e-06 0.0508012)
        0.916             (-0.000154464 -0.000235624 0.0500292)             (-4.20352e-05 -6.67968e-06 0.0508012)
       0.9165             (-0.000154464 -0.000235624 0.0500292)             (-4.20352e-05 -6.6797e-06 0.0508012)
        0.917             (-0.000154464 -0.000235624 0.0500292)             (-4.20353e-05 -6.67972e-06 0.0508012)
       0.9175             (-0.000154464 -0.000235624 0.0500292)             (-4.20353e-05 -6.67976e-06 0.0508012)
        0.918             (-0.000154464 -0.000235624 0.0500292)             (-4.20353e-05 -6.67979e-06 0.0508012)
       0.9185             (-0.000154464 -0.000235624 0.0500292)             (-4.20354e-05 -6.67981e-06 0.0508012)
        0.919             (-0.000154464 -0.000235624 0.0500292)             (-4.20354e-05 -6.67983e-06 0.0508012)
       0.9195             (-0.000154464 -0.000235624 0.0500292)             (-4.20354e-05 -6.67986e-06 0.0508012)
         0.92             (-0.000154464 -0.000235624 0.0500292)             (-4.20354e-05 -6.67989e-06 0.0508012)
       0.9205             (-0.000154464 -0.000235624 0.0500292)             (-4.20355e-05 -6.67991e-06 0.0508012)
        0.921             (-0.000154464 -0.000235624 0.0500292)             (-4.20355e-05 -6.67994e-06 0.0508012)
       0.9215             (-0.000154464 -0.000235624 0.0500292)             (-4.20355e-05 -6.67997e-06 0.0508012)
        0.922             (-0.000154464 -0.000235624 0.0500292)             (-4.20355e-05 -6.68e-06 0.0508012)
       0.9225             (-0.000154464 -0.000235624 0.0500292)             (-4.20356e-05 -6.68002e-06 0.0508012)
        0.923             (-0.000154464 -0.000235624 0.0500292)             (-4.20356e-05 -6.68004e-06 0.0508012)
       0.9235             (-0.000154464 -0.000235624 0.0500292)             (-4.20356e-05 -6.68007e-06 0.0508012)
        0.924             (-0.000154464 -0.000235624 0.0500292)             (-4.20357e-05 -6.6801e-06 0.0508012)
       0.9245             (-0.000154464 -0.000235624 0.0500292)             (-4.20357e-05 -6.68012e-06 0.0508012)
        0.925             (-0.000154464 -0.000235624 0.0500292)             (-4.20357e-05 -6.68014e-06 0.0508012)
       0.9255             (-0.000154464 -0.000235624 0.0500292)             (-4.20357e-05 -6.68017e-06 0.0508012)
        0.926             (-0.000154464 -0.000235624 0.0500292)             (-4.20358e-05 -6.68019e-06 0.0508012)
       0.9265             (-0.000154464 -0.000235624 0.0500292)             (-4.20358e-05 -6.68021e-06 0.0508012)
        0.927             (-0.000154464 -0.000235624 0.0500292)             (-4.20358e-05 -6.68023e-06 0.0508012)
       0.9275             (-0.000154464 -0.000235624 0.0500292)             (-4.20358e-05 -6.68026e-06 0.0508012)
        0.928             (-0.000154464 -0.000235624 0.0500292)             (-4.20359e-05 -6.68029e-06 0.0508012)
       0.9285             (-0.000154464 -0.000235624 0.0500292)             (-4.20359e-05 -6.68031e-06 0.0508012)
        0.929             (-0.000154464 -0.000235624 0.0500292)             (-4.20359e-05 -6.68033e-06 0.0508012)
       0.9295             (-0.000154464 -0.000235624 0.0500292)             (-4.20359e-05 -6.68035e-06 0.0508012)
         0.93             (-0.000154464 -0.000235624 0.0500292)             (-4.2036e-05 -6.68038e-06 0.0508012)
       0.9305             (-0.000154464 -0.000235624 0.0500292)             (-4.2036e-05 -6.6804e-06 0.0508012)
        0.931             (-0.000154464 -0.000235624 0.0500292)             (-4.2036e-05 -6.68042e-06 0.0508012)
       0.9315             (-0.000154464 -0.000235624 0.0500292)             (-4.2036e-05 -6.68045e-06 0.0508012)
        0.932             (-0.000154464 -0.000235624 0.0500292)             (-4.20361e-05 -6.68047e-06 0.0508012)
       0.9325             (-0.000154464 -0.000235624 0.0500292)             (-4.20361e-05 -6.68049e-06 0.0508012)
        0.933             (-0.000154464 -0.000235624 0.0500292)             (-4.20361e-05 -6.68051e-06 0.0508012)
       0.9335             (-0.000154464 -0.000235624 0.0500292)             (-4.20361e-05 -6.68054e-06 0.0508012)
        0.934             (-0.000154464 -0.000235624 0.0500292)             (-4.20362e-05 -6.68056e-06 0.0508012)
       0.9345             (-0.000154464 -0.000235624 0.0500292)             (-4.20362e-05 -6.68058e-06 0.0508012)
        0.935             (-0.000154464 -0.000235624 0.0500292)             (-4.20362e-05 -6.6806e-06 0.0508012)
       0.9355             (-0.000154464 -0.000235624 0.0500292)             (-4.20362e-05 -6.68062e-06 0.0508012)
        0.936             (-0.000154464 -0.000235624 0.0500292)             (-4.20363e-05 -6.68065e-06 0.0508012)
       0.9365             (-0.000154464 -0.000235624 0.0500292)             (-4.20363e-05 -6.68066e-06 0.0508012)
        0.937             (-0.000154464 -0.000235624 0.0500292)             (-4.20363e-05 -6.68068e-06 0.0508012)
       0.9375             (-0.000154464 -0.000235624 0.0500292)             (-4.20363e-05 -6.68071e-06 0.0508012)
        0.938             (-0.000154464 -0.000235624 0.0500292)             (-4.20363e-05 -6.68073e-06 0.0508012)
       0.9385             (-0.000154464 -0.000235624 0.0500292)             (-4.20364e-05 -6.68075e-06 0.0508012)
        0.939             (-0.000154464 -0.000235624 0.0500292)             (-4.20364e-05 -6.68077e-06 0.0508012)
       0.9395             (-0.000154464 -0.000235624 0.0500292)             (-4.20364e-05 -6.68079e-06 0.0508012)
         0.94             (-0.000154464 -0.000235624 0.0500292)             (-4.20364e-05 -6.68081e-06 0.0508012)
       0.9405             (-0.000154464 -0.000235624 0.0500292)             (-4.20365e-05 -6.68083e-06 0.0508012)
        0.941             (-0.000154464 -0.000235624 0.0500292)             (-4.20365e-05 -6.68085e-06 0.0508012)
       0.9415             (-0.000154464 -0.000235624 0.0500292)             (-4.20365e-05 -6.68087e-06 0.0508012)
        0.942             (-0.000154464 -0.000235624 0.0500292)             (-4.20365e-05 -6.68089e-06 0.0508012)
       0.9425             (-0.000154464 -0.000235624 0.0500292)             (-4.20365e-05 -6.68091e-06 0.0508012)
        0.943             (-0.000154464 -0.000235624 0.0500292)             (-4.20366e-05 -6.68093e-06 0.0508012)
       0.9435             (-0.000154464 -0.000235624 0.0500292)             (-4.20366e-05 -6.68095e-06 0.0508012)
        0.944             (-0.000154464 -0.000235624 0.0500292)             (-4.20366e-05 -6.68097e-06 0.0508012)
       0.9445             (-0.000154464 -0.000235624 0.0500292)             (-4.20366e-05 -6.68099e-06 0.0508012)
        0.945             (-0.000154464 -0.000235624 0.0500292)             (-4.20367e-05 -6.681e-06 0.0508012)
       0.9455             (-0.000154464 -0.000235624 0.0500292)             (-4.20367e-05 -6.68103e-06 0.0508012)
        0.946             (-0.000154464 -0.000235624 0.0500292)             (-4.20367e-05 -6.68105e-06 0.0508012)
       0.9465             (-0.000154464 -0.000235624 0.0500292)             (-4.20367e-05 -6.68106e-06 0.0508012)
        0.947             (-0.000154464 -0.000235624 0.0500292)             (-4.20367e-05 -6.68108e-06 0.0508012)
       0.9475             (-0.000154464 -0.000235624 0.0500292)             (-4.20368e-05 -6.6811e-06 0.0508012)
        0.948             (-0.000154464 -0.000235624 0.0500292)             (-4.20368e-05 -6.68112e-06 0.0508012)
       0.9485             (-0.000154464 -0.000235624 0.0500292)             (-4.20368e-05 -6.68114e-06 0.0508012)
        0.949             (-0.000154464 -0.000235624 0.0500292)             (-4.20368e-05 -6.68115e-06 0.0508012)
       0.9495             (-0.000154464 -0.000235624 0.0500292)             (-4.20368e-05 -6.68117e-06 0.0508012)
         0.95             (-0.000154464 -0.000235624 0.0500292)             (-4.20369e-05 -6.68119e-06 0.0508012)
       0.9505             (-0.000154464 -0.000235624 0.0500292)             (-4.20369e-05 -6.68122e-06 0.0508012)
        0.951             (-0.000154464 -0.000235624 0.0500292)             (-4.20369e-05 -6.68123e-06 0.0508012)
       0.9515             (-0.000154465 -0.000235624 0.0500292)             (-4.20369e-05 -6.68124e-06 0.0508012)
        0.952             (-0.000154465 -0.000235624 0.0500292)             (-4.20369e-05 -6.68126e-06 0.0508012)
       0.9525             (-0.000154464 -0.000235624 0.0500292)             (-4.20369e-05 -6.68129e-06 0.0508012)
        0.953             (-0.000154465 -0.000235624 0.0500292)             (-4.2037e-05 -6.6813e-06 0.0508012)
       0.9535             (-0.000154465 -0.000235624 0.0500292)             (-4.2037e-05 -6.68131e-06 0.0508012)
        0.954             (-0.000154465 -0.000235624 0.0500292)             (-4.2037e-05 -6.68133e-06 0.0508012)
       0.9545             (-0.000154465 -0.000235625 0.0500292)             (-4.2037e-05 -6.68136e-06 0.0508012)
        0.955             (-0.000154465 -0.000235624 0.0500292)             (-4.2037e-05 -6.68137e-06 0.0508012)
       0.9555             (-0.000154465 -0.000235624 0.0500292)             (-4.20371e-05 -6.68138e-06 0.0508012)
        0.956             (-0.000154465 -0.000235625 0.0500292)             (-4.20371e-05 -6.6814e-06 0.0508012)
       0.9565             (-0.000154465 -0.000235625 0.0500292)             (-4.20371e-05 -6.68142e-06 0.0508012)
        0.957             (-0.000154465 -0.000235625 0.0500292)             (-4.20371e-05 -6.68143e-06 0.0508012)
       0.9575             (-0.000154465 -0.000235625 0.0500292)             (-4.20371e-05 -6.68144e-06 0.0508012)
        0.958             (-0.000154465 -0.000235625 0.0500292)             (-4.20371e-05 -6.68147e-06 0.0508012)
       0.9585             (-0.000154465 -0.000235625 0.0500292)             (-4.20372e-05 -6.68149e-06 0.0508012)
        0.959             (-0.000154465 -0.000235625 0.0500292)             (-4.20372e-05 -6.6815e-06 0.0508012)
       0.9595             (-0.000154465 -0.000235625 0.0500292)             (-4.20372e-05 -6.68151e-06 0.0508012)
         0.96             (-0.000154465 -0.000235625 0.0500292)             (-4.20372e-05 -6.68153e-06 0.0508012)
       0.9605             (-0.000154465 -0.000235625 0.0500292)             (-4.20372e-05 -6.68155e-06 0.0508012)
        0.961             (-0.000154465 -0.000235625 0.0500292)             (-4.20373e-05 -6.68156e-06 0.0508012)
       0.9615             (-0.000154465 -0.000235625 0.0500292)             (-4.20373e-05 -6.68157e-06 0.0508012)
        0.962             (-0.000154465 -0.000235625 0.0500292)             (-4.20373e-05 -6.68159e-06 0.0508012)
       0.9625             (-0.000154465 -0.000235625 0.0500292)             (-4.20373e-05 -6.68162e-06 0.0508012)
        0.963             (-0.000154465 -0.000235625 0.0500292)             (-4.20373e-05 -6.68163e-06 0.0508012)
       0.9635             (-0.000154465 -0.000235625 0.0500292)             (-4.20373e-05 -6.68164e-06 0.0508012)
        0.964             (-0.000154465 -0.000235625 0.0500292)             (-4.20374e-05 -6.68166e-06 0.0508012)
       0.9645             (-0.000154465 -0.000235625 0.0500292)             (-4.20374e-05 -6.68168e-06 0.0508012)
        0.965             (-0.000154465 -0.000235625 0.0500292)             (-4.20374e-05 -6.68169e-06 0.0508012)
       0.9655             (-0.000154465 -0.000235625 0.0500292)             (-4.20374e-05 -6.6817e-06 0.0508012)
        0.966             (-0.000154465 -0.000235625 0.0500292)             (-4.20374e-05 -6.68172e-06 0.0508012)
       0.9665             (-0.000154465 -0.000235625 0.0500292)             (-4.20374e-05 -6.68174e-06 0.0508012)
        0.967             (-0.000154465 -0.000235625 0.0500292)             (-4.20374e-05 -6.68175e-06 0.0508012)
       0.9675             (-0.000154465 -0.000235625 0.0500292)             (-4.20375e-05 -6.68175e-06 0.0508012)
        0.968             (-0.000154465 -0.000235625 0.0500292)             (-4.20375e-05 -6.68177e-06 0.0508012)
       0.9685             (-0.000154465 -0.000235625 0.0500292)             (-4.20375e-05 -6.68179e-06 0.0508012)
        0.969             (-0.000154465 -0.000235625 0.0500292)             (-4.20375e-05 -6.6818e-06 0.0508012)
       0.9695             (-0.000154465 -0.000235625 0.0500292)             (-4.20375e-05 -6.68181e-06 0.0508012)
         0.97             (-0.000154465 -0.000235625 0.0500292)             (-4.20375e-05 -6.68183e-06 0.0508012)
       0.9705             (-0.000154465 -0.000235625 0.0500292)             (-4.20376e-05 -6.68185e-06 0.0508012)
        0.971             (-0.000154465 -0.000235625 0.0500292)             (-4.20376e-05 -6.68186e-06 0.0508012)
       0.9715             (-0.000154465 -0.000235625 0.0500292)             (-4.20376e-05 -6.68187e-06 0.0508012)
        0.972             (-0.000154465 -0.000235625 0.0500292)             (-4.20376e-05 -6.68189e-06 0.0508012)
       0.9725             (-0.000154465 -0.000235625 0.0500292)             (-4.20376e-05 -6.68191e-06 0.0508012)
        0.973             (-0.000154465 -0.000235625 0.0500292)             (-4.20376e-05 -6.68191e-06 0.0508012)
       0.9735             (-0.000154465 -0.000235625 0.0500292)             (-4.20377e-05 -6.68192e-06 0.0508012)
        0.974             (-0.000154465 -0.000235625 0.0500292)             (-4.20377e-05 -6.68194e-06 0.0508012)
       0.9745             (-0.000154465 -0.000235625 0.0500292)             (-4.20377e-05 -6.68196e-06 0.0508012)
        0.975             (-0.000154465 -0.000235625 0.0500292)             (-4.20377e-05 -6.68197e-06 0.0508012)
       0.9755             (-0.000154465 -0.000235625 0.0500292)             (-4.20377e-05 -6.68198e-06 0.0508012)
        0.976             (-0.000154465 -0.000235625 0.0500292)             (-4.20377e-05 -6.68199e-06 0.0508012)
       0.9765             (-0.000154465 -0.000235625 0.0500292)             (-4.20377e-05 -6.68201e-06 0.0508012)
        0.977             (-0.000154465 -0.000235625 0.0500292)             (-4.20377e-05 -6.68202e-06 0.0508012)
       0.9775             (-0.000154465 -0.000235625 0.0500292)             (-4.20378e-05 -6.68203e-06 0.0508012)
        0.978             (-0.000154465 -0.000235625 0.0500292)             (-4.20378e-05 -6.68205e-06 0.0508012)
       0.9785             (-0.000154465 -0.000235625 0.0500292)             (-4.20378e-05 -6.68206e-06 0.0508012)
        0.979             (-0.000154465 -0.000235625 0.0500292)             (-4.20378e-05 -6.68207e-06 0.0508012)
       0.9795             (-0.000154465 -0.000235625 0.0500292)             (-4.20378e-05 -6.68208e-06 0.0508012)
         0.98             (-0.000154465 -0.000235625 0.0500292)             (-4.20378e-05 -6.6821e-06 0.0508012)
       0.9805             (-0.000154465 -0.000235625 0.0500292)             (-4.20378e-05 -6.68211e-06 0.0508012)
        0.981             (-0.000154465 -0.000235625 0.0500292)             (-4.20379e-05 -6.68212e-06 0.0508012)
       0.9815             (-0.000154465 -0.000235625 0.0500292)             (-4.20379e-05 -6.68213e-06 0.0508012)
        0.982             (-0.000154465 -0.000235625 0.0500292)             (-4.20379e-05 -6.68215e-06 0.0508012)
       0.9825             (-0.000154465 -0.000235625 0.0500292)             (-4.20379e-05 -6.68216e-06 0.0508012)
        0.983             (-0.000154465 -0.000235625 0.0500292)             (-4.20379e-05 -6.68217e-06 0.0508012)
       0.9835             (-0.000154465 -0.000235625 0.0500292)             (-4.20379e-05 -6.68218e-06 0.0508012)
        0.984             (-0.000154465 -0.000235625 0.0500292)             (-4.20379e-05 -6.68219e-06 0.0508012)
       0.9845             (-0.000154465 -0.000235625 0.0500292)             (-4.20379e-05 -6.68221e-06 0.0508012)
        0.985             (-0.000154465 -0.000235625 0.0500292)             (-4.2038e-05 -6.68222e-06 0.0508012)
       0.9855             (-0.000154465 -0.000235625 0.0500292)             (-4.2038e-05 -6.68222e-06 0.0508012)
        0.986             (-0.000154465 -0.000235625 0.0500292)             (-4.2038e-05 -6.68224e-06 0.0508012)
       0.9865             (-0.000154465 -0.000235625 0.0500292)             (-4.2038e-05 -6.68226e-06 0.0508012)
        0.987             (-0.000154465 -0.000235625 0.0500292)             (-4.2038e-05 -6.68226e-06 0.0508012)
       0.9875             (-0.000154465 -0.000235625 0.0500292)             (-4.2038e-05 -6.68227e-06 0.0508012)
        0.988             (-0.000154465 -0.000235625 0.0500292)             (-4.2038e-05 -6.68229e-06 0.0508012)
       0.9885             (-0.000154465 -0.000235625 0.0500292)             (-4.2038e-05 -6.6823e-06 0.0508012)
        0.989             (-0.000154465 -0.000235625 0.0500292)             (-4.20381e-05 -6.68231e-06 0.0508012)
       0.9895             (-0.000154465 -0.000235625 0.0500292)             (-4.20381e-05 -6.68232e-06 0.0508012)
         0.99             (-0.000154465 -0.000235625 0.0500292)             (-4.20381e-05 -6.68233e-06 0.0508012)
       0.9905             (-0.000154465 -0.000235625 0.0500292)             (-4.20381e-05 -6.68235e-06 0.0508012)
        0.991             (-0.000154465 -0.000235625 0.0500292)             (-4.20381e-05 -6.68235e-06 0.0508012)
       0.9915             (-0.000154465 -0.000235625 0.0500292)             (-4.20381e-05 -6.68236e-06 0.0508012)
        0.992             (-0.000154465 -0.000235625 0.0500292)             (-4.20381e-05 -6.68237e-06 0.0508012)
       0.9925             (-0.000154465 -0.000235625 0.0500292)             (-4.20381e-05 -6.68239e-06 0.0508012)
        0.993             (-0.000154465 -0.000235625 0.0500292)             (-4.20382e-05 -6.6824e-06 0.0508012)
       0.9935             (-0.000154465 -0.000235625 0.0500292)             (-4.20382e-05 -6.6824e-06 0.0508012)
        0.994             (-0.000154465 -0.000235625 0.0500292)             (-4.20382e-05 -6.68241e-06 0.0508012)
       0.9945             (-0.000154465 -0.000235625 0.0500292)             (-4.20382e-05 -6.68243e-06 0.0508012)
        0.995             (-0.000154465 -0.000235625 0.0500292)             (-4.20382e-05 -6.68244e-06 0.0508012)
       0.9955             (-0.000154465 -0.000235625 0.0500292)             (-4.20382e-05 -6.68245e-06 0.0508012)
        0.996             (-0.000154465 -0.000235625 0.0500292)             (-4.20382e-05 -6.68245e-06 0.0508012)
       0.9965             (-0.000154465 -0.000235625 0.0500292)             (-4.20382e-05 -6.68247e-06 0.0508012)
        0.997             (-0.000154465 -0.000235625 0.0500292)             (-4.20382e-05 -6.68249e-06 0.0508012)
       0.9975             (-0.000154465 -0.000235625 0.0500292)             (-4.20383e-05 -6.68249e-06 0.0508012)
        0.998             (-0.000154465 -0.000235625 0.0500292)             (-4.20383e-05 -6.68249e-06 0.0508012)
       0.9985             (-0.000154465 -0.000235625 0.0500292)             (-4.20383e-05 -6.68251e-06 0.0508012)
        0.999             (-0.000154465 -0.000235625 0.0500292)             (-4.20383e-05 -6.68253e-06 0.0508012)
       0.9995             (-0.000154465 -0.000235625 0.0500292)             (-4.20383e-05 -6.68253e-06 0.0508012)
            1             (-0.000154465 -0.000235625 0.0500292)             (-4.20383e-05 -6.68253e-06 0.0508012)
